collected_at,source,region,hpid,dutyName,hvec,hvidate,dutyTel3,hv10,hv11,hv13,hv14,hv15,hv16,hv17,hv18,hv19,hv2,hv21,hv22,hv23,hv24,hv25,hv26,hv27,hv28,hv29,hv3,hv30,hv31,hv32,hv33,hv34,hv35,hv36,hv37,hv38,hv39,hv40,hv41,hv42,hv43,hv5,hv6,hv60,hv61,hv7,hv9,hvamyn,hvangioayn,hvcc,hvccc,hvcrrtayn,hvctayn,hvecmoayn,hvgc,hvhypoayn,hvicc,hvincuayn,hvmriayn,hvncc,hvoc,hvoxyayn,hvs01,hvs02,hvs03,hvs04,hvs05,hvs06,hvs07,hvs08,hvs09,hvs10,hvs11,hvs12,hvs14,hvs15,hvs16,hvs17,hvs18,hvs19,hvs20,hvs21,hvs22,hvs23,hvs24,hvs25,hvs26,hvs27,hvs28,hvs29,hvs30,hvs31,hvs32,hvs33,hvs34,hvs35,hvs36,hvs37,hvs38,hvs46,hvs47,hvs48,hvs49,hvs50,hvs51,hvs52,hvs53,hvs54,hvs55,hvs56,hvs57,hvs58,hvs59,hvs60,hvs61,hvventiayn,hvventisoayn,phpid,rnum
2026-04-10 00:05:25,data_go_kr,대구광역시,A1300001,영남대학교병원,22,20260409235737,053-620-3177,Y,Y,,0,,,1,3,,0,0,,,,,,,3,2,9,3,6,,,4,8,11,,,,10,3,Y,,Y,5,,,Y,,Y,Y,,,Y,Y,Y,122,Y,,Y,Y,3,23,Y,28,3,2,3,21,10,15,15,,,,14,,7,,,13,30,,,23,,20,7,2,4,4,4,75,5,11,8,5,5,,1,704,,0,,,1,3,,0,,,,,,,,,Y,Y,A1300001,1
2026-04-10 00:05:25,data_go_kr,대구광역시,A1300002,경북대학교병원,11,20260409235705,053-200-5100,Y,Y,2,3,,,,,,0,,,,,,,,4,,5,,6,,,6,,34,,15,2,9,5,Y,,Y,0,2,6,Y,3,Y,Y,3,5,Y,Y,Y,137,Y,,Y,Y,0,17,N1,25,4,,,20,7,7,15,,,6,7,20,10,11,,,44,,40,17,2,20,5,2,5,5,5,82,8,11,11,9,5,,,582,2,3,,,,,,,,,,,,,2,6,Y,Y,A1300002,2
2026-04-10 00:05:25,data_go_kr,대구광역시,A1300004,대구가톨릭대학교병원,16,20260409235900,053-650-3000,Y,Y,,,,,,,,3,,,,,,,,,1,5,3,,,,,3,,,,,6,4,Y,Y,Y,6,,,Y,,Y,Y,,,Y,Y,Y,165,Y,0,Y,Y,2,19,N1,24,,1,3,,15,25,42,,,,16,,,,0,6,,,,19,,20,9,2,3,3,5,58,20,32,8,3,4,1,,704,,,,,,,,,,,,,,,,,Y,Y,A1300004,3
2026-04-10 00:05:25,data_go_kr,대구광역시,A1300003,계명대학교동산병원,11,20260409235928,053-258-6306,Y,Y,,,,,,,,1,,,,,,,,,2,2,1,,2,,,0,1,,,,4,1,Y,Y,Y,3,,,Y,,Y,Y,5,,Y,Y,Y,141,Y,1,Y,Y,0,24,Y,26,,2,1,,14,13,39,7,,8,15,,,,10,1,20,,,24,,10,7,6,6,5,7,56,13,35,9,4,14,1,2,778,,,,,,,,,,,,,,,,,Y,Y,A1300003,4
2026-04-10 00:05:25,data_go_kr,대구광역시,A1300009,대구파티마병원,7,20260410000000,053-940-7119,Y,Y,,,,,,,,4,,,,,,,,5,2,1,5,,,,,4,,,,,,,Y,,Y,6,,,Y,,Y,Y,,,Y,Y,Y,52,Y,,Y,Y,5,8,N1,25,5,2,5,,17,10,10,,,,12,,,,,7,,,,8,,,,2,4,3,4,33,11,18,5,1,1,,,491,,,,,,,,,,,,,,,,,Y,Y,A1300009,5
2026-04-10 00:05:25,data_go_kr,대구광역시,A1300010,칠곡경북대학교병원,12,20260410000009,053-200-2100,Y,Y,,,1,1,,,,7,,,,,,,,3,1,9,5,,3,0,,2,0,0,,,12,13,Y,,Y,,,,Y,,Y,Y,,,Y,Y,Y,158,Y,,Y,Y,-1,19,N1,21,7,1,5,,10,14,31,10,2,,,,,,,2,0,6,,19,,20,13,2,8,5,8,52,9,27,9,3,1,,,730,,,1,1,,,,,,,,,,,,,Y,Y,A1300010,6
2026-04-10 00:05:25,data_go_kr,대구광역시,A1300034,드림종합병원,6,20260409235823,053-640-8575,,,,,,,,,,,,,,,,,1,,,,1,,,,,,,,,,,,,,Y,,,,Y,,Y,Y,,,Y,Y,Y,43,N1,,N1,N,,3,N1,8,,,1,,,,,,,,,,,,,,,,,3,,,,,2,1,1,2,,,1,1,,,,183,,,,,,,,,,,,,,1,,,Y,N1,A1300034,7
2026-04-10 00:05:25,data_go_kr,대구광역시,A1300006,의료법인구의료재단구병원,7,20260409235946,053-557-7119,,,,,,,,,,,,,,,,,,,,,1,,,,,1,,,,,,,,,Y,,,,,,Y,N1,,,N1,Y,N1,52,N1,5,N1,Y,,9,N1,10,,,1,,,,,,,,,,,,18,1,,,,9,,,,,3,1,,3,,,,,,,,235,,,,,,,,,,,,,,,,,Y,N1,A1300006,8
2026-04-10 00:05:25,data_go_kr,대구광역시,A1300110,더블유병원,9,20260410000002,053-550-5019,,,,,,,,,,,,,,,,,,,,,1,,,,,,,,,,,,,,Y,,,,,,Y,N1,,,N1,Y,N1,44,N1,,N1,N,,7,Y,10,,,1,,,,,,,,,,,,,,,,,8,,,,,1,1,,1,,,,,,,8,431,,,,,,,,,,,,,,,,,Y,N1,A1300110,9
2026-04-10 00:05:25,data_go_kr,대구광역시,A1300011,한국보훈복지의료공단대구보훈병원,12,20260409235727,053-630-7014,,,,,,,,,,,,,,,,,,,1,,1,,,,,1,,,,,,1,,,Y,,,,Y,,Y,Y,,,N1,Y,N1,62,N1,7,N1,Y,,6,N1,12,,1,1,,,,,,,,,,,,13,1,,,,6,,,1,,1,3,2,9,,,,,,,,415,,,,,,,,,,,,,,,,,Y,N1,A1300011,10
2026-04-10 00:05:25,data_go_kr,대구광역시,A1300045,삼일병원,11,20260409235954,053-659-3119,,,,,,,,,,,,,,,,,,,1,,,,,,,,,,,,,,,,Y,,,,Y,,Y,Y,,,N1,Y,N1,81,N1,,N1,N,,4,N1,14,,1,,,,,,,,,,,,,,,,,,4,,,,,3,2,1,3,,,,,,,,299,,,,,,,,,,,,,,,,,Y,N1,A1300045,11
2026-04-10 00:05:25,data_go_kr,대구광역시,A1300038,나사렛종합병원,5,20260409235834,053-643-3119,,,,1,,,,,,,,,,,,,,,,,1,,,,,0,,,,,,,,,Y,,,,Y,,Y,Y,,,Y,Y,N1,40,N1,12,N1,Y,,5,N1,9,,,1,,,,,,,,,,,,28,1,,,,5,,,,,2,2,2,5,,,1,,,,,231,,9,,,,,,,,,,,,,,,Y,N1,A1300038,12
2026-04-10 00:05:25,data_go_kr,대구광역시,A1300018,강남종합병원,15,20260409235925,053-980-9018,,,,,,,,,,,,,,,,,,,1,,,,,,,,,,,,,1,,,Y,,,,,,Y,N1,,,N1,Y,N1,23,N1,,N1,Y,,7,N1,15,,1,,,,,,,,,,,,,,,,,,7,,,1,,2,2,,2,,,,,,,,207,,,,,,,,,,,,,,,,,Y,N1,A1300018,13
2026-04-10 00:05:25,data_go_kr,대구광역시,A1300005,대구가톨릭대학교칠곡가톨릭병원,8,20260410000015,053-320-2111,,,,,,,,,,,,,,,,,,,,,1,,,,,,,,,,,,,,Y,,,,,,Y,N1,,,N1,Y,N1,41,N1,,N1,Y,,3,N1,9,,,1,,,,,,,,,,,,,,,,,3,,,,,2,2,,1,,,,,,,,161,,,,,,,,,,,,,,,,,Y,N1,A1300005,14
2026-04-10 00:05:25,data_go_kr,대구광역시,A1300076,대구굿모닝병원,15,20260410000016,053-620-9119,,,,,,,,,,,,,,,,,,,1,,1,,,,,1,,,,,,,,,Y,,,,Y,,Y,Y,,,N1,Y,N1,73,N1,5,N1,Y,,4,N1,17,,1,1,,,,,,,,,,,,26,1,,,,4,,,,,2,4,2,13,,,,,,,,226,,,,,,,,,,,,,,,,,Y,N1,A1300076,15
2026-04-10 00:05:25,data_go_kr,대구광역시,A1300007,대구의료원,16,20260409235901,053-560-7288,,Y,,,,,,,,,,,,,,,,,1,,1,,,,,1,,,,,1,2,Y,,Y,,,,,,Y,N1,,,N1,Y,N1,48,N1,12,Y,Y,,4,N1,18,,1,1,,,,,,,,,,,,18,1,,,,4,,82,3,1,1,1,,13,,4,,,,,,254,,,,,,,,,,,,,,,,,Y,N1,A1300007,16
2026-04-10 00:05:25,data_go_kr,대구광역시,A1300081,(재)미리내천주성삼성직수도회천주성삼병원,7,20260409235502,053-790-0555,,,,,,,,,,,,,,,,,,,,,1,,,,,,,,,,,,,,Y,,,,,,Y,N1,,,N1,Y,N1,4,N1,,N1,Y,,4,N1,9,,,1,,,,,,,,,,,,,,,,,4,,,,,1,2,,4,,,,,,,,294,,,,,,,,,,,,,,,,,Y,N1,A1300081,17
2026-04-10 00:05:25,data_go_kr,대구광역시,A1300008,곽병원,10,20260409235935,053-605-3333,,,,,,,,,,,,,,,,,,,,,2,,,,,,,,,,,,,,Y,,,,,,Y,N1,,,N1,Y,N1,41,N1,,N1,Y,,4,N1,10,,,2,,,,,,,,,,,,,,,,,4,,,,,1,1,,2,,,,,,,,221,,,,,,,,,,,,,,,,,Y,N1,A1300008,18
2026-04-10 00:05:25,data_go_kr,대구광역시,A1303386,계명대학교대구동산병원,11,20260409235950,053-250-8481,,,,,,,,,,,,,,,,,,,1,,1,,,,,0,,,,,,,N,,Y,,,,Y,,Y,Y,,,Y,Y,N1,73,N,1,N1,Y,,3,N1,12,,1,1,,,,,,,,,,,,7,5,,,,3,,,,0,2,1,1,6,,,6,,0,,,196,,,,,,,,,,,,,,,,,Y,N1,A1303386,19
2026-04-10 00:05:25,data_go_kr,인천광역시,A1400001,의료법인 길의료재단 길병원,10,20260409235735,032-460-3012,Y,Y,2,2,1,1,,1,,13,,,,,3,,,6,,2,,5,,2,0,8,13,3,8,2,9,11,Y,,Y,1,2,6,Y,5,Y,Y,,1,Y,Y,Y,325,Y,,Y,Y,0,3,Y,23,9,,,18,38,11,30,,2,,14,20,6,4,,11,30,6,47,3,2,18,13,3,6,6,7,101,13,30,15,9,5,,1,995,2,3,1,1,,2,,,,,,3,,,2,6,Y,Y,A1400001,1
2026-04-10 00:05:25,data_go_kr,인천광역시,A1400002,인하대학교의과대학부속병원,10,20260409235746,032-890-2301,Y,Y,,,1,1,,,,5,,,,,,,,3,2,2,5,3,1,0,0,0,2,4,,,3,3,Y,Y,Y,,,,Y,,Y,Y,,,Y,Y,Y,83,Y,3,Y,Y,0,16,Y,20,7,2,5,20,25,13,26,3,2,,,,7,,23,3,30,6,,16,,15,7,4,6,3,5,88,18,27,10,7,6,1,2,681,,,1,1,,,,,,,,,,,,,Y,Y,A1400002,2
2026-04-10 00:05:25,data_go_kr,인천광역시,A1403372,인천세종병원,14,20260410000009,032-240-8119,,,,,,,,,,,,,,,,,,,3,,,,,,,2,,,,,,1,,,Y,,,,Y,,Y,Y,,,Y,Y,Y,28,Y,2,N1,Y,,7,N1,18,,3,,,,,,,,,,,,,22,2,,,,7,,,6,,2,2,3,13,,,4,5,1,,,277,,,,,,,,,,,,,,,,,Y,N1,A1403372,3
2026-04-10 00:05:25,data_go_kr,인천광역시,A1400014,의료법인인성의료재단한림병원,16,20260409235740,032-540-9119,,,,,,,,,,,,,,,,,,,2,,2,,,,,2,,,,,,2,Y,,Y,,,,Y,,Y,Y,,,Y,Y,Y,50,N1,11,N1,Y,,6,N1,17,,2,2,,,,,,,,,,,,21,2,,,,6,,,2,1,3,2,2,20,,,3,3,,,,391,,,,,,,,,,,,,,,,,Y,N1,A1400014,4
2026-04-10 00:05:25,data_go_kr,인천광역시,A1400016,인천사랑병원,12,20260409235704,032-457-2119,,Y,,,,,,,,,,,,,,,4,,1,,2,,,,,1,,,,,,1,Y,,Y,,,,Y,,Y,Y,,,Y,Y,N1,26,Y,6,Y,Y,,6,N1,14,,1,2,,,,,,,,,,,,15,1,,,,6,,,1,1,2,1,1,12,,1,2,,1,,,281,,,,,,,,,,,,,,4,,,Y,N1,A1400016,5
2026-04-10 00:05:25,data_go_kr,인천광역시,A1400012,가톨릭대학교 인천성모병원,4,20260410000011,032-280-6107,Y,Y,3,2,,,,,,0,,,,,,,6,,0,0,5,5,,,,1,,,,,,2,Y,,Y,1,,,Y,,Y,Y,,,Y,Y,Y,36,Y,,Y,Y,0,17,N1,12,,0,6,12,15,18,13,,,,15,,,,,10,,,,17,,,9,1,4,4,5,46,5,13,7,2,2,,,579,3,3,,,,,,,,,,,,7,,,Y,Y,A1400012,6
2026-04-10 00:05:25,data_go_kr,인천광역시,A1400013,안은의료재단 부평세림병원,16,20260409235940,032-509-5777,,,,,,,,,,,,,,,,,,,1,,3,,,,,0,,,,,,2,,,Y,,,,Y,,Y,Y,,,Y,Y,Y,42,N1,5,N1,Y,,4,N1,16,,1,3,,,,,,,,,,,,13,2,,,,4,,,2,,3,2,1,9,,,1,1,,,,237,,,,,,,,,,,,,,,,,Y,N1,A1400013,7
2026-04-10 00:05:25,data_go_kr,인천광역시,A1400015,가톨릭관동대학교국제성모병원,12,20260409235914,032-290-3065,Y,Y,5,0,,,,,,8,,,19,,,,,2,0,,0,,,,,,,,,,4,3,Y,,Y,-1,,,Y,,Y,Y,,,Y,Y,Y,157,Y,,Y,Y,,11,N1,23,3,0,0,,40,,,,,,13,,,,,,,,,11,,11,3,2,3,2,3,34,2,11,6,2,1,,,623,5,0,,,,,,,,21,,,,,,,Y,Y,A1400015,8
2026-04-10 00:05:25,data_go_kr,인천광역시,A1400003,의료법인 루가의료재단 나은병원,9,20260409235636,032-584-4119,,,,,,,,,,,,,,,,,7,,1,,2,,,,,3,,,,,,8,,,Y,,,,Y,,Y,Y,,,Y,Y,N1,31,N1,1,N1,Y,,10,N1,11,,1,2,,,,,,,,,,,,27,3,,,,10,,,9,,2,2,2,11,,,2,,,,,367,,,,,,,,,,,,,,7,,,Y,N1,A1400003,9
2026-04-10 00:05:25,data_go_kr,인천광역시,A1400010,검단탑병원,13,20260409235832,032-590-0077,,,,,,,,,,,,,,,,,,,1,,2,,,,,0,,,,,,0,,,Y,,,,Y,,Y,Y,,,Y,Y,N1,38,N1,4,N1,Y,,6,N1,18,,1,2,,,,,,,,,,,,15,3,,,,6,,,2,,2,2,1,11,,,1,,,,,279,,,,,,,,,,,,,,,,,Y,N1,A1400010,10
2026-04-10 00:05:25,data_go_kr,인천광역시,A1400011,의료법인 나사렛의료재단 나사렛국제병원,8,20260409235710,032-899-9699,,,,,,,,,,,,,,,,,,,1,,2,,,,,1,,,,,,,,,Y,,,,Y,,Y,Y,,,Y,Y,N1,33,N1,4,N1,Y,,5,N1,17,,1,2,,,,,,,,,,,,16,1,,,,5,,,,,2,2,1,8,,,1,,,,,282,,,,,,,,,,,,,,,,,Y,N1,A1400011,11
2026-04-10 00:05:25,data_go_kr,인천광역시,A1403617,비에스종합병원,6,20260409212739,032-290-0119,,Y,,,,,,,,,,,,,,,,,1,,,,,,,0,,,,,,,Y,,Y,,,,Y,,Y,Y,,,Y,Y,N1,91,N1,0,Y,N1,0,2,N1,10,,1,,,,,1,,,,,,,,18,1,,,,2,,,,1,1,,1,6,,1,1,,,,,180,,,,,,,,,,,,,,,,,Y,N1,A1403617,12
2026-04-10 00:05:25,data_go_kr,인천광역시,A1403871,인천힘찬종합병원,15,20260409235634,032-459-3168,,,,,,,,,,,,,,,,,,,1,,2,,,,,0,,,,,,,,,Y,,,,,,Y,N1,,,N1,Y,N1,56,N1,6,N1,Y,,7,N1,17,,1,2,,,,,,,,,,,,9,1,,,,7,,,,,2,2,,1,,,,,,,,235,,,,,,,,,,,,,,,,,Y,N1,A1403871,13
2026-04-10 00:05:25,data_go_kr,인천광역시,A1400017,인천광역시의료원,14,20260409235502,032-580-6119,,,,,,,,,,,,,,,,,,,2,,,,,,,0,,,,,26,7,,,Y,,,,,,Y,N1,,,N1,Y,N1,36,N1,6,N1,Y,,6,N1,15,,2,,,,,,,,,,,,,13,0,,,,6,,45,7,,1,1,,19,,,,,,,,198,,,,,,,,,,,,,,,,,Y,N1,A1400017,14
2026-04-10 00:05:25,data_go_kr,인천광역시,A1400007,의료법인 성수의료재단 인천백병원,5,20260409235733,032-280-8119,,,,,,,,,,,,,,,,,,,,,1,,,,,,,,,,,,,,Y,,,,,,Y,N1,,,Y,Y,N1,22,N1,3,N1,Y,,4,N1,5,,,1,,,,,,,,,,,,12,,,,,4,,,,,2,2,,6,,,1,,,,,189,,,,,,,,,,,,,,,,,Y,N1,A1400007,15
2026-04-10 00:05:25,data_go_kr,인천광역시,A1400004,현대유비스병원,16,20260409235718,032-890-5582,,,,,,,,,,,,,,,,,,,1,,,,,,,1,,,,,,,,,Y,,,,Y,,Y,Y,,,Y,Y,N1,29,N1,4,N1,Y,,6,N1,18,,1,,,,,,,,,,,,,13,1,,,,6,,,,,2,2,1,8,,,2,,,,,285,,,,,,,,,,,,,,,,,Y,N1,A1400004,16
2026-04-10 00:05:25,data_go_kr,인천광역시,A1400005,온누리병원,8,20260409235611,032-568-9112,,,,,,,,,,,,,,,,,,,1,,1,,,,,,,,,,,,,,Y,,,,,,Y,N1,,,N1,Y,N1,42,N1,,N1,Y,,3,N1,9,,1,1,,,,,,,,,,,,,,,,,3,,,,,1,1,,5,,,,,,,,195,,,,,,,,,,,,,,,,,Y,N1,A1400005,17
2026-04-10 00:05:25,data_go_kr,인천광역시,A1400008,(의)성세의료재단 뉴성민병원,9,20260409235806,032-726-1190,,,,,,,,,,,,,,,0,,,,,,1,,,,,2,,,,,,,,,Y,,,,,,Y,N1,,,Y,Y,N1,122,N1,8,N1,Y,,6,N1,9,,,1,,,,,,,,,,,,17,2,,,,6,,,,,2,1,,1,,,2,,,,,284,,,,,,,,,,,,0,,,,,Y,N1,A1400008,18
2026-04-10 00:05:25,data_go_kr,인천광역시,A1400018,인천적십자병원,8,20260409235834,032-899-4119,,,,,,,,,,,,,,,,,,,1,,1,,,,,,,,,,,,,,Y,,,,,,Y,N1,,,N1,Y,N1,64,N1,3,N1,Y,,3,N1,8,,1,1,,,,,,,,,,,,8,,,,,3,,,,,1,1,,2,,,,,,,,104,,,,,,,,,,,,,,,,,Y,N1,A1400018,19
2026-04-10 00:05:25,data_go_kr,인천광역시,A1400037,인천광역시의료원백령병원,5,20260410000001,032-836-1732,Y,Y,,,,,,,,,,,,,,,,,,,1,,,,,,,,,,,,,,Y,,,,,,Y,N1,,,N1,Y,N1,30,N1,,Y,N1,,1,N1,5,,,1,,,,,,,,,,,,,,,,,1,,,,,1,,,1,1,2,,,,,,30,,,,,,,,,,,,,,,,,Y,Y,A1400037,20
2026-04-10 00:05:25,data_go_kr,인천광역시,A1400009,인천기독병원,8,20260409235529,032-270-8300,,,,,,,,,,,,,,,,,,,,,1,,,,,,,,,,,,,,Y,,,1,,,Y,N1,,,N1,Y,N1,39,N1,2,N1,Y,,4,N1,8,,,1,,,,,,,,,,,,10,,,,,4,,,,,1,1,,1,,,,,,,,139,,,,,,,,,,,,,,,,1,Y,N1,A1400009,21
2026-04-10 00:05:25,data_go_kr,광주광역시,A1500002,전남대학교병원,22,20260410000000,062-220-6801,Y,Y,2,4,,,,0,,1,,,,,,,,2,,3,,2,4,,2,,9,,9,2,8,4,Y,,Y,4,2,5,Y,11,Y,Y,2,,Y,Y,Y,209,Y,1,Y,Y,3,20,Y,26,4,,,18,11,12,33,8,,9,15,20,13,,8,,30,,40,20,2,32,7,8,5,4,7,86,22,32,12,7,6,,1,811,2,5,,,,2,,,,,,,,,2,6,Y,Y,A1500002,1
2026-04-10 00:05:25,data_go_kr,광주광역시,A1500001,조선대학교병원,20,20260410000132,062-220-3280,Y,Y,2,3,,,,0,,6,1,,,,,,,4,0,11,0,13,,,,1,13,,,,5,5,Y,Y,Y,4,,,Y,,Y,Y,,,Y,Y,Y,107,Y,,Y,Y,0,15,Y,23,4,0,0,20,16,20,20,,,,19,,,,,2,28,,,15,,15,5,3,5,3,3,65,11,15,24,5,1,1,1,545,2,3,,,,2,,2,,,,,,,,,Y,Y,A1500001,2
2026-04-10 00:05:25,data_go_kr,광주광역시,A1500019,KS병원,11,20260409235551,062-975-9119,,,,,,,,,,6,,,,,,,0,7,1,,2,,,,,,,,,,,,,,Y,,,,Y,,Y,Y,,,Y,Y,N1,26,Y,5,N1,Y,,3,N1,15,7,1,2,,11,,,,,,,,,,12,,,,,4,,,,,2,2,1,5,,,1,,1,,,270,,,,,,,,,,,,,,0,,,Y,N1,A1500019,3
2026-04-10 00:05:25,data_go_kr,광주광역시,A1500011,첨단종합병원,20,20260409235706,062-601-8119,,,,,,,,,,,,,,,,,,,1,,2,,,,,1,,,,,12,1,,,Y,,,,Y,,Y,Y,,,N1,Y,N1,105,N1,7,N1,Y,,5,N1,22,,1,2,,,,,,,,,,,,23,1,,,,5,,49,1,,2,1,1,10,,,,,,,,412,,,,,,,,,,,,,,,,,Y,N1,A1500011,4
2026-04-10 00:05:25,data_go_kr,광주광역시,A1500021,광주기독병원,14,20260409235607,062-650-5119,,,,,,,,,,0,,,,,,,,,1,0,2,,,,,2,,,,,,,N,,Y,,,,Y,,Y,Y,,,Y,Y,N1,45,N1,,N1,Y,3,8,N1,20,,1,2,,16,9,3,,,,,,,,,3,,,,8,,,,0,2,2,2,11,,,2,,,,,514,,,,,,,,,,,,,,,,,Y,N1,A1500021,5
2026-04-10 00:05:25,data_go_kr,광주광역시,A1500020,서광병원,16,20260409235809,062-600-8119,,,,,,,,,,,,,,,,,,2,2,,1,,,,,0,,,,,,1,N,,Y,,,,N,,Y,N,,,Y,Y,N1,51,N1,5,N1,Y,,-1,N1,18,2,2,1,,,,,,,,,,,,18,1,,,,2,,,1,0,1,1,0,1,,,1,,,,,137,,,,,,,,,,,,,,,,,Y,N1,A1500020,6
2026-04-10 00:05:25,data_go_kr,광주광역시,A1500006,신가병원,9,20260409235851,062-610-8119,,,,,,,,,,,,,,,,,1,,,,1,,,,,,,,,,,,,,Y,,,,,,Y,N1,,,N1,Y,N1,33,N1,,N1,Y,,3,N1,9,,,1,,,,,,,,,,,,,,,,,3,,,,,1,1,,1,,,,,,,,201,,,,,,,,,,,,,,1,,,Y,N1,A1500006,7
2026-04-10 00:05:25,data_go_kr,광주광역시,A1502007,광주센트럴병원,9,20260410000009,062-960-5119,,,,,,,,,,,,,,,,,,,,,1,,,,,,,,,,,,,,Y,,,,,,Y,N1,,,N1,Y,N1,56,N1,,N1,Y,,3,N1,10,,,1,,,,,,,,,,,,,,,,,3,,,,,1,1,,1,,,,,,,,299,,,,,,,,,,,,,,,,,Y,N1,A1502007,8
2026-04-10 00:05:25,data_go_kr,광주광역시,A1500017,하남성심병원,14,20260410000027,062-958-1250,,,,,,,,,,,,,,,,,,,,,1,,,,,,,,,,,,,,Y,,,,,,Y,N1,,,N1,Y,N1,14,N1,4,N1,Y,,5,N1,19,,,1,,,,,,,,,,,,10,,,,,5,,,,,1,1,,4,,,,,,,,261,,,,,,,,,,,,,,,,,Y,N1,A1500017,9
2026-04-10 00:05:25,data_go_kr,광주광역시,A1500018,광주수완병원,9,20260409235406,062-958-1119,,,,,,,,,,,,,,,,,,,,,0,,,,,,,,,,,,,,Y,,,,,,Y,N1,,,N1,Y,N1,48,N1,,N1,Y,,3,N1,9,,,1,,,,,,,,,,,,,,,,,3,,,,,1,1,,2,,,,,,,,177,,,,,,,,,,,,,,,,,Y,N1,A1500018,10
2026-04-10 00:05:25,data_go_kr,광주광역시,A1500004,광주보훈병원,13,20260409235927,062-602-6119,,,,,,,,,,,,,,,,,,,1,,1,,,,,1,,,,,,2,,,Y,,,,Y,,Y,Y,,,Y,Y,N1,60,N1,12,N1,Y,,7,N1,14,,1,1,,,,,,,,,,,,25,1,,,,7,,,2,,2,3,2,11,,,2,,,,,512,,,,,,,,,,,,,,,,,Y,N1,A1500004,11
2026-04-10 00:05:25,data_go_kr,광주광역시,A1500013,동아병원,6,20260410000021,062-650-2515,,,,,,,,,,,,,,,,,,,,,1,,,,,,,,,,,,,,Y,,,,,,Y,N1,,,N1,Y,N1,97,N1,,N1,Y,,1,N1,9,,,1,,,,,,,,,,,,,,,,,6,,,,,1,2,,1,,,,,,,,276,,,,,,,,,,,,,,,,,Y,N1,A1500013,12
2026-04-10 00:05:25,data_go_kr,광주광역시,A1500009,광주씨티병원,10,20260410000019,062-460-7119,,,,,,,,,,,,,,,,,,,,,1,,,,,,,,,,,,,,Y,,,,,,Y,N1,,,N1,Y,N1,63,N1,,N1,Y,,4,N1,10,,,1,,,,,,,,,,,,,,,,,4,,,,,1,1,,1,,,,,,,,173,,,,,,,,,,,,,,,,,Y,N1,A1500009,13
2026-04-10 00:05:25,data_go_kr,광주광역시,A1500015,광주병원,6,20260409235845,062-260-7119,,,,,,,,,,,,,,,,,,,,,1,,,,,,,,,,,,,,Y,,,,Y,,Y,Y,,,N1,Y,N1,15,N1,3,N1,Y,,4,N1,10,,,1,,,,,,,,,,,,13,,,,,4,,,,,1,1,1,1,,,,,,,,278,,,,,,,,,,,,,,,,,Y,N1,A1500015,14
2026-04-10 00:05:25,data_go_kr,광주광역시,A1500010,운암한국병원,7,20260409235558,062-608-8119,,,,,,,,,,,,,,,,,,,,,1,,,,,,,,,,,,,,Y,,,,,,Y,N1,,,N1,Y,N1,36,N1,,N1,N,,,N1,9,,,1,,,,,,,,,,,,,,,,,,,,,,1,1,,1,,,,,,,,208,,,,,,,,,,,,,,,,,Y,N1,A1500010,15
2026-04-10 00:05:25,data_go_kr,광주광역시,A1500003,광주현대병원,6,20260409235648,062-570-0119,,,,,,,,,,,,,,,,,1,,,,1,,,,,,,,,,,,,,Y,,,,,,Y,N1,,,N1,Y,N1,31,N1,,N1,Y,,5,N1,9,,,1,,,,,,,,,,,,,,,,,5,,,,,1,2,,1,,,,,,,,236,,,,,,,,,,,,,,1,,,Y,N1,A1500003,16
2026-04-10 00:05:25,data_go_kr,광주광역시,A1500005,광주일곡병원,9,20260409235631,062-608-7119,,,,,,,,,,,,,,,,,,,,,1,,,,,,,,,,,,,,Y,,,,,,Y,N1,,,N1,Y,N1,28,N1,,N1,Y,,2,N1,9,,,1,,,,,,,,,,,,,,,,,2,,,,,1,1,,1,,,,,,,,144,,,,,,,,,,,,,,,,,Y,N1,A1500005,17
2026-04-10 00:05:25,data_go_kr,광주광역시,A1500007,광주희망병원,8,20260409235502,062-608-6119,,,,,,,,,,,,,,,,,,,,,1,,,,,1,,,,,,,,,,,,,,,Y,N1,,,N1,N1,N1,32,N1,4,N1,N1,,2,N1,9,,,1,,,,,,,,,,,,8,1,,,,3,,,,,,,,,,,,,,,,182,,,,,,,,,,,,,,,,,N1,N1,A1500007,18
2026-04-10 00:05:25,data_go_kr,광주광역시,A1500022,상무병원,6,20260410000024,062-600-7119,,,,,,,,,,,,,,,,,,,,,1,,,,,,,,,,,,,,Y,,,,,,Y,N1,,,N1,Y,N1,77,N1,,N1,Y,,3,N1,9,,,1,,,,,,,,,,,,,,,,,3,,,,,1,1,,1,,,,,,,,202,,,,,,,,,,,,,,,,,Y,N1,A1500022,19
2026-04-10 00:05:25,data_go_kr,광주광역시,A1500016,광주한국병원,14,20260410000013,062-380-3119,,,,,,,,,,,,,,,,,,,,,1,,,,,,,,,,,,,,Y,,,,,,Y,N1,,,N1,Y,N1,45,N1,,N1,Y,,4,N1,15,,,1,,,,,,,,,,,,,,,,,4,,,,,1,1,,1,,,,,,,,259,,,,,,,,,,,,,,,,,Y,N1,A1500016,20
2026-04-10 00:05:25,data_go_kr,광주광역시,A1500014,미래로21병원,7,20260409235723,062-450-1119,,,,,,,,,,,,,,,,,,,,,1,,,,,,,,,,,,,,Y,,,,Y,,Y,Y,,,Y,Y,N1,71,N1,0,N1,Y,,3,N1,9,,,1,,,,,,,,,,,,8,,,,,3,,,,,1,1,1,4,,,1,,,,,192,,,,,,,,,,,,,,,,,Y,N1,A1500014,21
2026-04-10 00:05:25,data_go_kr,대전광역시,A1600006,학교법인건양교육재단건양대학교병원,13,20260409235800,042-600-9119,Y,Y,,0,,,1,2,3,,0,0,0,0,,0,,2,2,,3,10,,,,4,0,,,,7,1,Y,,Y,,,,Y,,Y,Y,,,Y,Y,Y,296,Y,36,Y,Y,0,20,Y,24,5,2,3,16,,,24,,,,,,,,59,5,28,,,20,,20,1,2,4,4,4,46,17,23,10,3,1,,1,658,,0,,,1,3,4,0,0,0,0,,0,,,,Y,Y,A1600006,1
2026-04-10 00:05:25,data_go_kr,대전광역시,A1600001,충남대학교병원,8,20260409235900,042-280-8129,Y,Y,0,0,,,,,,8,,,,,,,0,1,1,6,3,11,2,,1,6,9,,,,14,7,Y,,Y,,,,Y,,Y,Y,,,Y,Y,Y,103,Y,1,Y,Y,10,21,N1,25,3,2,3,20,16,14,34,5,,,,,10,,12,8,30,,,21,,26,14,5,5,4,5,76,12,36,6,8,2,,,949,0,0,,,,,,,,,,,,0,,,Y,Y,A1600001,2
2026-04-10 00:05:25,data_go_kr,대전광역시,A1600002,학교법인을지학원대전을지대학교병원,16,20260410000000,042-259-1119,Y,Y,,,,,,,,3,,0,0,0,0,0,3,,2,1,1,,,,0,0,,,4,2,8,,Y,,Y,,2,3,Y,-1,Y,Y,,,Y,Y,Y,62,Y,,Y,Y,12,14,N1,21,,2,1,,20,20,20,,,,,20,5,,,11,,,40,15,2,20,,16,4,2,4,70,12,47,7,3,3,,,331,,,,,,,,,0,0,0,0,30,3,2,6,Y,Y,A1600002,3
2026-04-10 00:05:25,data_go_kr,대전광역시,A1600007,의료법인영훈의료재단유성선병원,8,20260409235958,042-609-1119,,,,,,,,,,,,,,,,,4,,2,,1,,,,,1,,,,,,1,Y,,Y,,,,Y,,Y,Y,,,Y,Y,Y,43,N1,3,N1,Y,,1,N1,13,,2,1,,,,,,,,,,,,19,1,,,,7,,,1,1,3,2,2,16,,,2,1,,,,368,,,,,,,,,,,,,,4,,,Y,N1,A1600007,4
2026-04-10 00:05:25,data_go_kr,대전광역시,A1600005,학교법인가톨릭학원가톨릭대학교대전성모병원,14,20260410000011,042-220-9118,Y,Y,,,,,,,,2,,,,,,,,,3,1,,,,,0,0,,,,,,4,Y,,Y,5,,,Y,,Y,Y,2,0,Y,Y,Y,129,N1,,Y,Y,4,12,N1,19,,3,,,15,3,4,,,3,9,,3,2,,1,,,,12,,,4,1,3,2,4,24,5,7,5,2,,,,537,,,,,,,,,,,,,,,,,Y,Y,A1600005,5
2026-04-10 00:05:25,data_go_kr,대전광역시,A1600008,의료법인영훈의료재단대전선병원,11,20260409235543,042-220-8129,,,,,,,,,,,,,,,,,5,,1,,3,,,,,1,,,,,,0,Y,,Y,,,,Y,,Y,Y,,,Y,Y,N1,17,N1,9,N1,Y,,7,N1,12,,1,3,,,,,,,,,,,,24,1,,,,7,,,1,1,2,2,2,11,,,3,,,,,311,,,,,,,,,,,,,,5,,,Y,N1,A1600008,6
2026-04-10 00:05:25,data_go_kr,대전광역시,A1600004,대전보훈병원,6,20260410000030,042-939-0100,,,,,,,,,,,,,,,,,,,1,,1,,,,,1,,,,,,1,,,Y,,,,Y,,Y,Y,,,N1,Y,N1,64,N1,2,N1,Y,,5,N1,7,,1,1,,,,,,,,,,,,10,1,,,,5,,,1,,1,3,1,11,,,,,,,,316,,,,,,,,,,,,,,,,,Y,N1,A1600004,7
2026-04-10 00:05:25,data_go_kr,대전광역시,A1600003,대전한국병원,5,20260410000002,042-606-1119,,Y,,,,,,,,,,,,,,,,,1,,,,,,,,,,,,,,Y,,Y,,,,Y,,Y,Y,,,Y,Y,N1,36,N1,1,Y,Y,,4,N1,9,,1,,,,,,,,,,,,,12,,,,,4,,,,4,2,2,2,6,,1,1,,,,,241,,,,,,,,,,,,,,,,,Y,N1,A1600003,8
2026-04-10 00:05:25,data_go_kr,대전광역시,A1602246,대청병원,8,20260410000009,042-589-0119,,,,,,,,,,,,,,,,,,,,,1,,,,,,,,,,,,,,Y,,,,,,Y,N1,,,Y,Y,N1,117,N1,0,N1,Y,,3,N1,9,,,1,,,,,,,,,,,,17,,,,,3,,,,,2,1,,10,,,1,,,,,245,,,,,,,,,,,,,,,,,Y,N1,A1602246,9
2026-04-10 00:05:25,data_go_kr,울산광역시,A1700004,학교법인울산공업학원울산대학교병원,14,20260409235924,052-250-7000,Y,Y,3,3,,,,2,,6,,,4,,5,,,5,0,12,0,6,,,1,1,4,,9,2,6,0,Y,,Y,,2,6,Y,6,Y,Y,,2,Y,Y,Y,59,Y,2,Y,Y,12,20,N1,21,8,0,0,12,13,16,26,,,,,20,6,2,8,8,36,,42,20,2,20,0,5,7,5,6,83,14,27,17,8,4,,,726,3,3,,,,8,,,,4,,5,,,2,6,Y,Y,A1700004,1
2026-04-10 00:05:25,data_go_kr,울산광역시,A1700028,의료법인정안의료재단중앙병원,9,20260410000010,052-226-1119,,,,,,,,,,,,,,,,,,,1,,2,,,,,0,,,,,,0,,,Y,,,,Y,,Y,Y,,,Y,Y,N1,8,N1,8,N1,Y,,8,N1,17,,1,2,,,,,,,,,,,,20,2,,,,8,,,1,,2,2,2,7,,,2,,,,,339,,,,,,,,,,,,,,,,,Y,N1,A1700028,2
2026-04-10 00:05:25,data_go_kr,울산광역시,A1700003,울산병원,13,20260410000002,052-259-5119,,,,,,,,,,,,,,,,,,,1,,2,,,,,0,,,,,,,,,Y,,,,Y,,Y,Y,,,Y,Y,Y,37,Y,7,N1,Y,,4,Y,19,,1,2,,,,,,,,,,,,19,1,,,,4,,,,,2,2,3,9,,,3,1,2,,1,342,,,,,,,,,,,,,,,,,Y,N1,A1700003,3
2026-04-10 00:05:25,data_go_kr,울산광역시,A1700025,의료법인송은의료재단울산시티병원,14,20260410000009,052-280-9119,,,,,,,,,,,,,,,,,,,1,,2,,,,,1,,,,,,,,,Y,,,,Y,,Y,Y,,,Y,Y,N1,8,N1,6,N1,Y,,8,N1,17,,1,2,,,,,,,,,,,,26,3,,,,8,,,,,2,2,2,17,,,4,,,,,350,,,,,,,,,,,,,,,,,Y,N1,A1700025,4
2026-04-10 00:05:25,data_go_kr,울산광역시,A1700002,의료법인동강의료재단동강병원,22,20260409235859,052-241-1190,,,,,,,,,,3,,,,,,,,,1,1,2,,,,0,1,,,,,,1,,Y,Y,,,,Y,,Y,Y,,,Y,Y,Y,66,N1,,N1,Y,,8,N1,24,,1,2,,14,9,,,,,,,13,,,1,,,,8,,,2,,3,2,3,25,,,7,3,,1,,513,,,,,,,,,,,,,,,,,Y,N1,A1700002,5
2026-04-10 00:05:25,data_go_kr,울산광역시,A1700011,의료법인은성의료재단좋은삼정병원,9,20260409235625,052-220-7600,,,,,,,,,,,,,,,,,,,,,1,,,,,0,,,,,,1,,,Y,,,,Y,,Y,Y,,,Y,Y,N1,34,N1,1,N1,Y,,7,N1,9,,,1,,,,,,,,,,,,14,1,,,,8,,,1,,2,2,1,5,,,1,,,,,283,,,,,,,,,,,,,,,,,Y,N1,A1700011,6
2026-04-10 00:05:25,data_go_kr,울산광역시,A1700001,서울산보람병원,8,20260409235920,052-255-7119,,,,,,,,,,,,,,,,,,,,,1,,,,,,,,,,,,,,Y,,,,,,Y,N1,,,N1,Y,N1,72,N1,,N1,Y,,3,N1,10,,,1,,,,,,,,,,,,,,,,,3,,,,,1,1,,1,,,,,,,,213,,,,,,,,,,,,,,,,,Y,N1,A1700001,7
2026-04-10 00:05:25,data_go_kr,세종특별자치시,A1800441,세종충남대학교병원,13,20260409235900,044-995-3010,Y,Y,,,0,0,,,,,,,,,,,,0,1,,2,,,1,,1,,4,,,,2,Y,,Y,,,,Y,,Y,Y,,,Y,Y,Y,31,Y,4,Y,Y,-5,8,N1,17,0,1,2,,,,15,,2,,,,,,11,2,,6,,8,,,4,3,2,2,3,29,7,15,5,3,2,,,272,,,0,0,,,,,,,,,,,,,Y,Y,A1800441,1
2026-04-10 00:05:25,data_go_kr,세종특별자치시,A1800417,의료법인영제의료재단엔케이세종병원,6,20260409235617,044-850-7705,,,,,,,,,,,,,,,,,,,,,1,,,,,,,,,,,,,,Y,,,,,,Y,N1,,,N1,Y,N1,107,N1,,N1,Y,,3,N1,10,,,1,,,,,,,,,,,,,,,,,3,,,,,1,1,,1,,,,,,,,200,,,,,,,,,,,,,,,,,Y,N1,A1800417,2
2026-04-10 00:05:25,data_go_kr,경기도,A2100042,의료법인명지의료재단명지병원,9,20260410000000,031-810-7119,Y,Y,3,2,,3,1,0,1,,0,0,0,0,0,0,,0,0,,1,4,,,,4,11,,,,0,0,Y,Y,Y,,,,Y,,Y,Y,,,Y,Y,Y,111,Y,6,Y,Y,3,13,Y,15,0,0,3,16,,,3,,,,,,,,31,4,28,,,13,,0,0,2,6,3,5,49,4,5,8,5,2,1,2,443,3,2,,3,4,3,2,0,0,0,0,0,0,,,,Y,Y,A2100042,1
2026-04-10 00:05:25,data_go_kr,경기도,A2100033,국민건강보험공단일산병원,10,20260410000004,031-900-0761,Y,Y,,,,,1,,1,4,,0,0,,0,0,,2,2,2,3,11,,,1,6,11,,,,14,4,Y,,Y,,,,Y,,Y,Y,,,Y,Y,Y,112,N1,,Y,Y,0,2,N1,23,5,2,3,19,10,16,20,,,,,,6,,,11,29,,,2,,28,4,2,4,3,3,60,8,29,13,5,,,,648,,,,,1,,1,,0,0,,0,0,,,,Y,Y,A2100033,2
2026-04-10 00:05:25,data_go_kr,경기도,A2100005,순천향대학교부속부천병원,8,20260409235621,032-621-5117,Y,Y,2,0,,,,,,4,,0,,0,0,,,0,0,6,0,6,,,,1,11,,,,,0,Y,Y,Y,,,3,Y,,Y,Y,,,Y,Y,Y,150,Y,4,Y,Y,4,21,Y,17,5,0,0,20,16,15,24,,,,,,,,20,8,34,,,21,,,7,1,4,3,5,72,10,31,17,4,4,1,1,674,2,3,,,,,,,0,,0,0,,,,5,Y,Y,A2100005,3
2026-04-10 00:05:25,data_go_kr,경기도,A2100001,분당서울대학교병원,-6,20260409235800,031-787-3119,Y,Y,,,,,,1,,4,,,5,9,,,,5,2,8,2,4,0,,5,0,15,,,,2,0,Y,,Y,3,,2,Y,,Y,Y,,,Y,Y,Y,118,Y,4,Y,Y,9,39,N1,30,5,2,3,15,13,13,50,6,,,10,,9,,8,1,30,,,39,,15,3,3,11,11,11,128,17,39,16,8,8,,,1238,,,,,,5,,,,5,9,,,,,2,Y,Y,A2100001,4
2026-04-10 00:05:25,data_go_kr,경기도,A2100030,차의과학대학교분당차병원,9,20260410000003,031-780-5840,Y,Y,2,2,1,1,1,0,,0,,,0,,0,,0,7,,3,,3,,0,3,0,5,6,,,1,,Y,,Y,2,,,Y,,Y,Y,,,Y,Y,Y,40,Y,,Y,Y,2,26,N1,22,11,,,14,9,8,35,,2,,7,,6,,,4,43,6,,26,,22,,8,5,3,4,40,26,46,6,2,2,,,726,2,3,1,1,2,2,,,,0,,1,,0,,,Y,Y,A2100030,5
2026-04-10 00:05:25,data_go_kr,경기도,A2100002,아주대학교병원,10,20260409235848,031-219-7777,Y,Y,2,3,1,1,,0,,1,,,,0,0,,0,3,0,0,0,5,,2,0,1,13,2,3,3,5,4,Y,,Y,1,2,6,Y,6,Y,Y,0,3,Y,Y,Y,63,Y,,Y,Y,1,25,N1,30,9,0,0,16,14,10,36,,2,6,13,40,7,11,,3,42,6,60,25,3,20,8,3,8,6,9,126,27,34,32,9,7,,,792,2,6,1,4,,2,,,,,0,0,,0,2,6,Y,Y,A2100002,6
2026-04-10 00:05:25,data_go_kr,경기도,A2100003,고려대학교의과대학부속안산병원,12,20260409235932,031-412-5381,Y,Y,2,2,,,0,,,2,,,,,,,,4,,3,3,3,,,,0,5,,,,9,5,Y,,Y,,,,Y,,Y,Y,,,Y,Y,Y,39,Y,0,Y,Y,5,20,N1,22,4,,3,18,10,13,25,,,,,,,,6,1,30,,,20,,16,10,2,3,4,4,66,15,19,8,5,3,,,605,2,3,,,2,,,,,,,,,,,,Y,Y,A2100003,7
2026-04-10 00:05:25,data_go_kr,경기도,A2100004,한림대학교성심병원,16,20260409235727,031-380-1500,Y,Y,5,,,,1,,,4,,,,,,,,3,2,5,3,8,,,,2,24,,,,6,0,Y,Y,Y,,,,Y,,Y,Y,1,6,Y,Y,Y,120,Y,,Y,Y,6,19,N1,25,3,2,4,19,27,16,9,,,8,,,,18,,3,30,,,19,,20,14,2,4,3,6,68,9,10,17,12,1,1,,610,5,,,,1,,,,,,,,,,,,Y,Y,A2100004,8
2026-04-10 00:05:25,data_go_kr,경기도,A2100040,가톨릭대학교의정부성모병원,34,20260410000012,031-820-5200,Y,Y,,,,,1,0,,,,,,,,,,11,2,,3,5,,,1,2,19,,12,2,,,Y,,Y,,2,6,Y,6,Y,Y,,,Y,Y,Y,95,Y,10,Y,Y,-2,13,N1,42,11,2,4,18,,,15,,,,,20,6,,26,4,30,,53,13,2,,,3,4,3,4,59,12,28,12,4,3,,,519,,,,,1,1,,,,,,,,,2,6,Y,Y,A2100040,9
2026-04-10 00:05:25,data_go_kr,경기도,A2100047,동국대학교일산불교병원,10,20260410000002,031-961-7777,Y,Y,,,,,,,,5,,,,,,,3,3,1,16,3,,,,,1,,,,,5,0,Y,,Y,,,,Y,,Y,Y,,,Y,Y,Y,175,Y,,Y,Y,11,12,N1,19,3,1,3,,16,20,13,,,,,,,,,4,,,,12,,15,0,8,2,2,2,19,13,25,4,2,1,,,522,,,,,,,,,,,,,,3,,,Y,Y,A2100047,10
2026-04-10 00:05:25,data_go_kr,경기도,A2100038,인제대학교일산백병원,28,20260409235834,031-910-7114,N,N,,,,,,,,0,,,,,,,,,3,2,2,,,,,0,,,,,6,0,Y,,Y,,,,Y,,Y,Y,,0,Y,Y,Y,98,Y,,N,Y,,17,N1,34,,3,3,,25,32,,,,,,,,4,,4,,,,17,,16,2,3,3,3,4,53,18,22,7,3,1,,,534,,,,,,,,,,,,,,,,,Y,N,A2100038,11
2026-04-10 00:05:25,data_go_kr,경기도,A2118788,중앙대학교광명병원,18,20260410000008,02-2222-1351,Y,Y,0,0,,,,,,,,,,,,,,,1,,2,,,,2,6,,,,,,0,Y,,Y,,,,Y,,Y,Y,0,,Y,Y,Y,97,Y,13,Y,Y,-1,17,N1,20,,1,2,,,,16,,,5,,,5,,26,7,,,,17,,,2,2,2,2,5,28,6,16,5,4,10,,,584,0,0,,,,,,,,,,,,,,,Y,Y,A2118788,12
2026-04-10 00:05:25,data_go_kr,경기도,A2100007,광명성애병원,7,20260409235940,02-2680-7116,Y,Y,,,,,,,,,,,,,,18,,4,1,,4,,,,,1,,,,,,,Y,,Y,,,,Y,,Y,Y,,,Y,Y,N1,30,N1,11,Y,Y,,5,N1,11,4,1,4,,,,,,,,,,,,13,1,,,,5,,,,2,2,2,1,12,2,5,1,,,,,162,,,,,,,,,,,,,77,,,,Y,Y,A2100007,13
2026-04-10 00:05:25,data_go_kr,경기도,A2100155,참조은병원,2,20260409235744,031-881-9119,,,,,,,,,,,,,,0,0,,6,1,1,,3,,,,,0,,,,,,0,,,Y,,,,Y,,Y,Y,,,Y,Y,N1,14,Y,0,N1,Y,,7,N1,9,1,1,3,,,,,,,,,,,,24,1,,,,7,,,2,,3,3,2,18,,,2,,2,,,286,,,,,,,,,,,0,0,,6,,,Y,N1,A2100155,14
2026-04-10 00:05:25,data_go_kr,경기도,A2100039,한양대학교구리병원,13,20260409235812,1644-9118,Y,Y,,,,,,,,0,,,,,,,,,3,3,2,,,,,,,,,,,1,Y,,Y,,,,Y,,Y,Y,,,Y,Y,Y,80,Y,,Y,Y,5,9,N1,18,,3,2,,17,14,10,,,,,,,,,,,,,9,,,5,1,3,2,3,21,6,14,4,2,2,,,488,,,,,,,,,,,,,,,,,Y,Y,A2100039,15
2026-04-10 00:05:25,data_go_kr,경기도,A2100054,효산의료재단지샘병원,16,20260409235559,031-389-3119,,,,,,,,,,,,,,,,,1,,2,,1,,,,,1,,,,,,0,,,Y,,,,Y,,Y,Y,,,Y,Y,N1,54,N1,9,N1,Y,,5,N1,18,,2,1,,,,,,,,,,,,18,1,,,,5,,,2,,2,1,3,11,,,2,,,,,367,,,,,,,,,,,,,,1,,,Y,N1,A2100054,16
2026-04-10 00:05:25,data_go_kr,경기도,A2100048,원광대학교산본병원,17,20260409235612,031-390-2345,,,,,,,,,,,,,,,,,,,1,,0,,,,,,,,,,,,Y,,Y,,,,Y,,Y,Y,,,Y,Y,N1,73,N1,2,N1,Y,,5,N1,17,,1,2,,,,,,,,,,,,12,,,,,5,,,,1,1,1,1,1,,,2,,,,,188,,,,,,,,,,,,,,,,,Y,N1,A2100048,17
2026-04-10 00:05:25,data_go_kr,경기도,A2100053,의료법인우리의료재단김포우리병원,19,20260409235846,031-999-1119,,,,,,,,,,,,,,0,0,0,,,1,,6,,,,,0,,,,,,2,,,Y,,,,Y,,Y,Y,,,Y,Y,Y,61,Y,1,N1,Y,,7,N1,22,,1,6,,,,,,,,,,,,36,1,,,,7,,,11,,2,2,2,48,,,4,1,2,,,477,,,,,,,,,,,0,0,0,,,,Y,N1,A2100053,18
2026-04-10 00:05:25,data_go_kr,경기도,A2100006,의료법인인봉의료재단뉴고려병원,13,20260409235747,031-980-9119,,,,,,,,,,,,,,,,,3,,1,,2,,,,,9,,,,,,,,,Y,,,,Y,,Y,Y,,,Y,Y,N1,62,N1,3,N1,Y,,6,N1,14,,1,2,,,,,,,,,,,,24,10,,,,6,,,,,2,2,2,7,,,1,,,,,278,,,,,,,,,,,,,,3,,,Y,N1,A2100006,19
2026-04-10 00:05:25,data_go_kr,경기도,A2100041,남양주한양병원,12,20260410000036,031-510-0119,,,,,,,,,,,,,,,,,,,1,,2,,,,,-9,,,,,,,,,Y,,,,Y,,Y,Y,,,Y,Y,N1,77,N1,2,N1,Y,,,N1,17,,1,2,,,,,,,,,,,,17,3,,,,,,,,,2,2,1,33,,,2,,,,,244,,,,,,,,,,,,,,,,,Y,N1,A2100041,20
2026-04-10 00:05:25,data_go_kr,경기도,A2100037,현대병원,17,20260409235850,031-574-0114,,,,,,,,,,,,,,,,,,,3,,,,,,,2,,,,,,2,,,Y,,,,Y,,Y,Y,,,Y,Y,N1,64,Y,1,N1,Y,,7,N1,17,,3,,,,,,,,,,,,,29,10,,,,7,,,18,,2,2,2,50,,,17,,2,,,345,,,,,,,,,,,,,,,,,Y,N1,A2100037,21
2026-04-10 00:05:25,data_go_kr,경기도,A2100055,부천세종병원,12,20260410000010,032-340-1119,Y,Y,,,,,,,,,,,,,,,,,1,,2,,,,,0,,,,,,1,Y,,Y,,,,Y,,Y,Y,,,Y,Y,Y,61,Y,3,Y,Y,,6,N1,17,,1,2,,,,,,,,,,,,22,2,,,,6,,,6,1,2,1,5,18,1,1,5,4,1,,,271,,,,,,,,,,,,,,,,,Y,Y,A2100055,22
2026-04-10 00:05:25,data_go_kr,경기도,A2100052,가톨릭대학교부천성모병원,25,20260410000012,032-340-2100,Y,Y,,,,,,,,4,,,,,,,3,,2,5,1,,,,,3,,,,,,2,Y,,Y,5,,,Y,,Y,Y,,,Y,Y,Y,113,Y,,Y,Y,10,14,N1,31,,2,1,,16,12,10,,,,18,,,,,4,,,,14,,,4,3,3,3,3,28,4,14,11,1,2,,,562,,,,,,,,,,,,,,3,,,Y,Y,A2100052,23
2026-04-10 00:05:25,data_go_kr,경기도,A2100025,대진의료재단분당제생병원,16,20260410000000,031-779-0119,Y,Y,,,,,,,,0,,,7,,,,,2,1,0,2,,,,,0,,,,,,2,Y,Y,Y,,,,Y,,Y,Y,,,Y,Y,Y,93,Y,,Y,Y,0,9,N1,24,3,1,2,,11,14,3,,,,,,,,,4,,,,9,,,2,2,4,3,3,22,1,5,5,2,3,1,,484,,,,,,,,,,7,,,,,,,Y,Y,A2100025,24
2026-04-10 00:05:25,data_go_kr,경기도,A2116806,성남시의료원,15,20260410000000,031-738-7300,,,,,,,,,,,,,,,,,,6,2,14,4,,,,,4,,,,,,28,,,Y,,,,Y,,Y,Y,,,Y,Y,Y,64,Y,,N1,Y,,8,Y,17,6,2,4,,,25,,,,,,,,,,5,,,,8,,,28,,3,2,2,31,,,6,3,1,,2,241,,,,,,,,,,,,,,,,,Y,N1,A2116806,25
2026-04-10 00:05:25,data_go_kr,경기도,A2117135,의료법인명인의료재단화홍병원,5,20260409235933,031-8021-6829,Y,,,,,,,,,,,,,,,,,,2,,3,,,,,0,,,,,,,,,Y,,,,,,Y,N1,,,N1,Y,N1,25,N1,4,N1,Y,,6,N1,15,,2,3,,,,,,,,,,,,29,1,,,,6,,,,,2,2,,4,1,,,,,,,228,,,,,,,,,,,,,,,,,Y,Y,A2117135,26
2026-04-10 00:05:25,data_go_kr,경기도,A2100009,의료법인녹산의료재단동수원병원,13,20260409235856,031-210-0119,,Y,,,,,,,,,,,,,,,,,1,,1,,,,,0,,,,,,0,Y,,Y,,,,Y,,Y,Y,,,Y,Y,N1,61,N1,2,Y,Y,,5,N1,17,,1,2,,,,,,,,,,,,20,3,,,,5,,,1,1,2,2,1,15,,4,1,,,,,340,,,,,,,,,,,,,,,,,Y,N1,A2100009,27
2026-04-10 00:05:25,data_go_kr,경기도,A2100012,가톨릭대학교성빈센트병원,5,20260410000012,031-249-7370,Y,Y,,,,,,,,8,,,,,,,,,2,3,2,6,,,2,4,,,,,0,4,Y,,Y,6,,,Y,,Y,Y,,3,Y,Y,Y,74,Y,,Y,Y,2,19,N1,28,,2,2,6,20,11,18,,,,15,,8,8,,5,,,,19,,0,6,2,5,4,6,52,7,18,12,4,4,,,605,,,,,,,,,,,,,,,,,Y,Y,A2100012,28
2026-04-10 00:05:25,data_go_kr,경기도,A2100008,의료법인남촌의료재단시화병원,15,20260409235232,031-5189-0567,,,,,,,,,,,,,,,,,,5,1,,3,,,,,1,,,,,,1,Y,,Y,,,,Y,,Y,Y,,,Y,Y,Y,44,N1,11,N1,Y,,7,N1,16,5,1,5,,,,,,,,,,,,35,1,,,,7,,,1,1,3,3,2,29,,,4,2,,,,461,,,,,,,,,,,,,,,,,Y,N1,A2100008,29
2026-04-10 00:05:25,data_go_kr,경기도,A2100017,대아의료재단한도병원,14,20260409235611,031-8040-1129,,,,,,,,,,,,,,,,,,,1,,2,,,,,1,,,,,,,,,Y,,,,Y,,Y,Y,,,Y,Y,N1,49,N1,1,N1,Y,,6,N1,17,,1,2,,,,,,,,,,,,29,1,,,,6,,,,,3,2,2,20,,,2,,,,,331,,,,,,,,,,,,,,,,,Y,N1,A2100017,30
2026-04-10 00:05:25,data_go_kr,경기도,A2100015,효산의료재단안양샘병원,11,20260409235921,031-467-9119,,,,,,,,,,-1,,,,,,,,,1,1,2,,,,,1,,,,,,,,,Y,,,,Y,,Y,Y,,,Y,Y,Y,70,N1,,N1,Y,,6,N1,17,,1,2,,8,9,,,,,,,,,,1,,,,6,,,,,2,1,2,12,,,2,1,,,,306,,,,,,,,,,,,,,,,,Y,N1,A2100015,31
2026-04-10 00:05:25,data_go_kr,경기도,A2100024,오산한국병원,10,20260409235821,031-378-5119,,,,,,,,,,,,,,,,,,,1,,1,,,,,1,,,,,,2,,,Y,,,,Y,,Y,Y,,,Y,Y,N1,58,Y,6,N1,Y,,5,N1,17,,1,2,,,,,,,,,,,,34,1,,,,5,,,2,,2,2,2,17,,,2,,1,,,262,,,,,,,,,,,,,,,,,Y,N1,A2100024,32
2026-04-10 00:05:25,data_go_kr,경기도,A2100020,연세대학교의과대학용인세브란스병원,6,20260409235551,031-5189-9001,Y,Y,,,,,,,,11,,,,,,,,6,1,2,1,,,,,1,,,,,,1,Y,,Y,,,,Y,,Y,Y,,,Y,Y,Y,41,Y,,Y,Y,2,15,N1,16,6,1,3,,19,16,12,,,,,,,,,2,,,,15,,,4,2,3,3,4,31,6,18,6,3,4,,,597,,,,,,,,,,,,,,,,,Y,Y,A2100020,33
2026-04-10 00:05:25,data_go_kr,경기도,A2100029,강남병원,-5,20260409235908,031-300-0119,,,,,,,,,,,,,,,,,,,,,,,,,,1,,,,,,,,,Y,,,,,,Y,N1,,,Y,Y,N1,30,N1,2,N1,Y,,4,N1,0,,,,,,,,,,,,,,,31,1,,,,4,,,,,2,2,,7,,,2,,,,,267,,,,,,,,,,,,,,,,,Y,N1,A2100029,34
2026-04-10 00:05:25,data_go_kr,경기도,A2100019,(의)영문의료재단다보스병원,9,20260409235741,031-8021-2130,,,,,,,,,,,,,,,,,4,,1,,2,,,,,0,,,,,,,,,Y,,,,,,Y,N1,,,Y,Y,N1,28,N1,9,N1,Y,,6,N1,13,,1,2,,,,,,,,,,,,25,1,,,,6,,,,,1,1,,7,,,1,,,,,225,,,,,,,,,,,,,,4,,,Y,N1,A2100019,35
2026-04-10 00:05:25,data_go_kr,경기도,A2117994,학교법인을지학원의정부을지대학교병원,16,20260409235601,031-8074-0119,Y,Y,,,,,,,,4,,,,,,,2,0,1,4,1,,,,,2,,,,,4,2,Y,,Y,,0,0,Y,,Y,Y,,,Y,Y,Y,162,Y,,Y,Y,1,11,N1,22,0,1,2,,29,24,5,,,,,,,,,2,,,,14,,22,6,16,3,3,4,48,5,5,6,3,2,,,588,,,,,,,,,,,,,,4,0,0,Y,Y,A2117994,36
2026-04-10 00:05:25,data_go_kr,경기도,A2100193,경기도의료원이천병원,13,20260410000001,031-630-4333,,,,,,,,,,,,,,,,,,,1,,2,,,,,2,,,,,,6,,,Y,,,,,,Y,N1,,,N1,Y,N1,53,N1,2,N1,Y,,4,N1,17,,1,2,,,,,,,,,,,,8,2,,,,4,,,6,,1,1,,8,,,,,,,,190,,,,,,,,,,,,,,,,,Y,N1,A2100193,37
2026-04-10 00:05:25,data_go_kr,경기도,A2100035,경기도의료원파주병원,15,20260410000001,031-940-9119,,,,,,,,,,,,,,,,,,,1,,2,,,,,,,,,,,,Y,,Y,,,,,,Y,N1,,,N1,Y,N1,74,N1,5,N1,Y,,3,N1,17,,1,2,,,,,,,,,,,,8,,,,,3,,,,1,1,1,,9,,,,,,,,192,,,,,,,,,,,,,,,,,Y,N1,A2100035,38
2026-04-10 00:05:25,data_go_kr,경기도,A2100028,의료법인백송의료재단굿모닝병원,11,20260410000038,031-5182-7582,,,,,,,,,,,,,,,,,5,,2,,1,,,,,2,,,,,,,,,Y,,,,Y,,Y,Y,,,Y,Y,Y,23,N1,2,N1,Y,,7,Y,19,,2,1,,,,,,,,,,,,27,3,,,,7,,,,,5,3,3,23,,,5,3,,,1,392,,,,,,,,,,,,,,6,,,Y,N1,A2100028,39
2026-04-10 00:05:25,data_go_kr,경기도,A2113246,의료법인양진의료재단평택성모병원,13,20260409235855,070-5012-0119,,,,,,,,,,,,,,,,0,,,1,,2,,,,,2,,,,,,,,,Y,,,,Y,,Y,Y,,,Y,Y,N1,31,N1,16,N1,Y,,6,N1,17,,1,2,,,,,,,,,,,,34,2,,,,6,,,,,3,3,2,8,,,2,,,,,329,,,,,,,,,,,,,0,,,,Y,N1,A2113246,40
2026-04-10 00:05:25,data_go_kr,경기도,A2100031,경기도의료원포천병원,16,20260410000002,031-539-9119,,Y,,,,,,,,,,,,,,,,,1,,2,,,,,0,,,,,,2,Y,,Y,,,,,,Y,N1,,,N1,Y,N1,48,N1,4,Y,Y,,4,N1,17,,1,2,,,,,,,,,,,,10,0,,,,4,,,3,3,1,1,,7,,2,,,,,,137,,,,,,,,,,,,,,,,,Y,N1,A2100031,41
2026-04-10 00:05:25,data_go_kr,경기도,A2100046,한림대학교동탄성심병원,20,20260409235923,031-8086-2119,Y,Y,3,0,,,,,,11,,,,,,,,9,,2,,,,,2,5,,,,,,0,Y,Y,Y,,,,Y,,Y,Y,3,,Y,Y,Y,160,Y,,Y,Y,10,20,Y,32,9,,,,28,13,13,,,13,,,9,,,11,,,,20,,,2,1,6,3,6,50,5,14,17,2,2,1,1,517,3,0,,,,,,,,,,,,,,,Y,Y,A2100046,42
2026-04-10 00:05:25,data_go_kr,경기도,A2100290,의료법인자인의료재단(더자인병원),16,20260410000031,031-930-3119,,,,,,,,,,,,,,,,,,,2,,2,,,,,,,,,,,,,,Y,,,,Y,,Y,Y,,,N1,Y,N1,94,N1,,N1,N,,5,N1,16,,2,2,,,,,,,,,,,,,,,,,5,,,,,2,2,1,15,,,,,,,,250,,,,,,,,,,,,,,,,,Y,N1,A2100290,43
2026-04-10 00:05:25,data_go_kr,경기도,A2100049,국립암센터,2,20260410000000,031-920-0119,,N,,,,,,,,,,,,,,,,,,,1,,,,,9,,,,,,,,,Y,,,,Y,,Y,Y,,,Y,Y,Y,23,Y,10,N,Y,,12,N1,24,,,1,,,,,,,,,,,,17,9,,,,12,,,,,7,5,3,29,,1,6,2,7,,,502,,,,,,,,,,,,,,,,,Y,N1,A2100049,44
2026-04-10 00:05:25,data_go_kr,경기도,A2116972,의료법인성광의료재단일산차병원,6,20260409235547,031-782-8587,Y,Y,,,,,,,,,,,,,,,,,,,4,,,,,1,,,,,,1,Y,,,,,,,,Y,N1,,,N1,N1,N1,6,N1,3,Y,N1,0,10,N1,6,,,4,,,,17,,,,,,,,4,1,,,,10,,,1,9,,,,4,11,19,,,,,,179,,,,,,,,,,,,,,,,,Y,Y,A2116972,45
2026-04-10 00:05:25,data_go_kr,경기도,A2118188,엘병원,5,20260409235922,031-527-6119,,,,,,,,,,,,,,,,,,,,,2,,,,,0,,,,,,0,,,Y,,,,,,Y,N1,,,N1,Y,N1,21,N1,6,N1,Y,,3,N1,8,,,2,,,,,,,,,,,,8,1,,,,3,,,1,,1,1,,2,,,,,,,,146,,,,,,,,,,,,,,,,,Y,N1,A2118188,46
2026-04-10 00:05:25,data_go_kr,경기도,A2100050,의료법인대인의료재단다니엘종합병원,6,20260410000002,032-670-0119,,,,,,,,,,,,,,,,,,,1,,3,,,,,1,,,,,,,,,Y,,,,,,Y,N1,,,N,Y,N1,58,N1,8,N1,Y,,3,N1,6,,1,3,,,,,,,,,,,,30,1,,,,3,,,,,1,1,,17,,,1,,,,,169,,,,,,,,,,,,,,,,,Y,N1,A2100050,47
2026-04-10 00:05:25,data_go_kr,경기도,A2100258,국군수도병원,16,20260410000010,031-725-6119,,,,,,,,,,,,,,2,6,,,,0,,,,,,,1,,,9,,2,,,,Y,,,,Y,14,Y,Y,,,Y,Y,Y,96,N1,9,N1,Y,,9,N1,16,,2,,,,,,,,,,20,,,12,1,,,40,9,,15,,,3,4,2,2,,,5,2,,,,530,,,,,,,,,,,2,6,,,,,Y,N1,A2100258,48
2026-04-10 00:05:25,data_go_kr,경기도,A2100016,순천의료재단성남정병원,8,20260409235854,031-750-6003,,,,,,,,,,,,0,,,39,,,,2,,,,,,,,,,,,,,,,Y,,,,,,Y,N1,,,N1,Y,N1,73,N1,,N1,Y,,4,N1,9,,2,,,,,,,,,,,,,,,,,,4,,,,,1,1,,1,,,,,,,,98,,,,,,,,,0,,,105,,,,,Y,N1,A2100016,49
2026-04-10 00:05:25,data_go_kr,경기도,A2100011,성남중앙병원,9,20260409235749,031-799-5599,,,,,,,,,,,,,,,,,,,,,1,,,,,,,,,,,,,,Y,,,,,,Y,N1,,,N1,Y,N1,,N1,,N1,Y,,5,N1,9,,,1,,,,,,,,,,,,,,,,,5,,,,,1,1,,2,,,,,,,,,,,,,,,,,,,,,,,,,Y,N1,A2100011,50
2026-04-10 00:05:25,data_go_kr,경기도,A2121061,의료법인덕산의료재단수원덕산병원,15,20260410000005,031-686-2911,N,Y,,,,,,,,,,,,,,,,0,1,,2,,,,,,,,,,,0,Y,,Y,,,,Y,,Y,Y,,,Y,Y,Y,25,N1,5,Y,Y,,5,N1,24,3,1,2,,,,,,,,,,,,18,,,,,5,,,5,5,3,2,2,3,N,2,4,2,,,,412,,,,,,,,,,,,,,,,,Y,N,A2121061,51
2026-04-10 00:05:25,data_go_kr,경기도,A2100032,경기도의료원수원병원,5,20260410000002,031-888-0119,,,,,,,,,,,,,,,,,3,,,,2,,,,,,,,,,,2,,,Y,,,,,,Y,N1,,,N1,Y,N1,52,N1,2,N1,Y,,3,N1,8,,,2,,,,,,,,,,,,9,,,,,3,,,2,,1,1,,9,,,,,,,,156,,,,,,,,,,,,,,3,,,Y,N1,A2100032,52
2026-04-10 00:05:25,data_go_kr,경기도,A2100175,의료법인토마스의료재단윌스기념병원,13,20260409235944,031-240-6119,,,,,,,,,,,,,,,,,,,1,,2,,,,,0,,,,,,,Y,,Y,,,,Y,,Y,Y,,,Y,Y,N1,23,N1,5,N1,Y,,10,N1,18,,1,2,,,,,,,,,,,,18,1,,,,10,,,,1,1,4,1,1,,,1,,,,,282,,,,,,,,,,,,,,,,,Y,N1,A2100175,53
2026-04-10 00:05:25,data_go_kr,경기도,A2100027,의료법인석경의료재단센트럴병원,16,20260409235840,031-8041-3019,,,,,,,,,,,,,,,,,,,1,,2,,,,,,,,,,,,,,Y,,,,,,Y,N1,,,Y,Y,N1,99,N1,0,N1,Y,,3,N1,18,,1,2,,,,,,,,,,,,21,,,,,3,,,,,2,2,,7,,,2,,,,,239,,,,,,,,,,,,,,,,,Y,N1,A2100027,54
2026-04-10 00:05:25,data_go_kr,경기도,A2100013,의료법인록향의료재단신천연합병원,9,20260410000005,031-310-6661,,,,,,,,,,,,,,,,,,,,,1,,,,,1,,,,,,,,,Y,,,,,,Y,N1,,,Y,Y,N1,20,N1,2,N1,Y,,3,N1,10,,,1,,,,,,,,,,,,6,1,,,,3,,,,,1,1,,4,,,1,,,,,112,,,,,,,,,,,,,,,,,Y,N1,A2100013,55
2026-04-10 00:05:25,data_go_kr,경기도,A2100021,의료법인플러스의료재단단원병원,14,20260409235901,031-8040-5911,,,,,,,,,,,,,1,,,,,,1,,2,,,,,1,,,,,,,,,Y,,,,Y,,Y,Y,,,Y,Y,Y,57,N1,7,N1,Y,,5,N1,17,,1,2,,,,,,,,,,,,27,1,,,,5,,,,,1,1,2,8,,,2,1,,,,342,,,,,,,,,,1,,,,,,,Y,N1,A2100021,56
2026-04-10 00:05:25,data_go_kr,경기도,A2100014,근로복지공단안산병원,7,20260409235800,031-500-1119,,,,,,,,,,,,,,,,,,,,,1,,,,,1,,,,,,1,,,Y,,,,,,Y,N1,,,N1,Y,N1,75,N1,12,N1,Y,,3,N1,7,,,1,,,,,,,,,,,,18,1,,,,3,,,2,,1,1,,14,,,,,,,,359,,,,,,,,,,,,,,,,,Y,N1,A2100014,57
2026-04-10 00:05:25,data_go_kr,경기도,A2100124,의료법인칠석의료재단사랑의병원,8,20260410000029,031-502-0119,,,,,,,,,,,,,,,,,,,1,,,,,,,,,,,,,,,,Y,,,,,,Y,N1,,,Y,Y,N1,21,N1,2,N1,Y,,5,N1,13,,1,,,,,,,,,,,,,14,,,,,5,,,,,2,2,,8,,,1,,,,,206,,,,,,,,,,,,,,,,,Y,N1,A2100124,58
2026-04-10 00:05:25,data_go_kr,경기도,A2100045,경기도의료원안성병원,14,20260410000001,031-8046-5119,,,,,,,,,,,,,,,,,,,1,,,,,,,0,,,,,,8,,,Y,,,,,,Y,N1,,,N1,Y,N1,63,N1,3,N1,Y,,5,N1,14,,1,,,,,,,,,,,,,13,2,,,,5,,,8,,1,1,,8,,,,,,,,178,,,,,,,,,,,,,,,,,Y,N1,A2100045,59
2026-04-10 00:05:25,data_go_kr,경기도,A2100305,안성성모병원,8,20260409235910,031-675-8275,,,,,,,,,,,,,,,,,,,,,1,,,,,,,,,,,,,,Y,,,,,,Y,N1,,,N1,Y,N1,86,N1,0,N1,Y,,3,N1,9,,,1,,,,,,,,,,,,20,,,,,3,,,,,1,1,,7,,,,,,,,188,,,,,,,,,,,,,,,,,Y,N1,A2100305,60
2026-04-10 00:05:25,data_go_kr,경기도,A2100089,양평병원,9,20260410000002,031-770-5119,N,N,,,,,,,,,,,,,,,,,,,1,,,,,,,,,,,,N,N,Y,,,,N,,Y,N,,,N,Y,N,28,N,,N,Y,,3,N,9,,,1,,,,,,,,,,,,,,,,,3,,,,0,1,1,0,1,0,0,0,0,0,0,0,90,,,,,,,,,,,,,,,,,Y,N,A2100089,61
2026-04-10 00:05:25,data_go_kr,경기도,A2100194,세종여주병원,5,20260410000020,031-880-7754,,,,3,,,,,,,,,,,,,,,,,4,,,,,,,,,,,,,,Y,,,,,,Y,N1,,,N1,Y,N1,102,N1,,N1,N,,1,N1,6,,,4,,,,,,,,,,,,,,,,,2,,,,,1,1,,4,,,,,,,,196,,3,,,,,,,,,,,,,,,Y,N1,A2100194,62
2026-04-10 00:05:25,data_go_kr,경기도,E2100187,연천군보건의료원,10,20260409235540,031-839-4119,,,,,,,,,,,,,,,,,,,,,,,,,,,,,,,,,,,Y,,,,,,Y,N1,,,N1,Y,N1,50,N1,,N1,N1,,2,N1,10,,,,,,,,,,,,,,,,,,,,2,,,,,1,,,1,,,,,,,,52,,,,,,,,,,,,,,,,,Y,N1,E2100187,63
2026-04-10 00:05:25,data_go_kr,경기도,A2100122,(의)효심의료재단용인서울병원,9,20260409235746,031-336-0119,,,,,,,,,,,,,,,,,,,,,,,,,,,,,,,,,,,Y,,,,,,Y,N1,,,N1,Y,N1,138,N1,,N1,Y,,3,N1,10,,,,,,,,,,,,,,,,,,,,3,,,,,1,1,,1,,,,,,,,201,,,,,,,,,,,,,,,,,Y,N1,A2100122,64
2026-04-10 00:05:25,data_go_kr,경기도,A2121142,메디필드한강병원,15,20260409235723,031-332-1119,,,,,,,,,,,,,,,,,,,1,,2,,,,,1,,,,,,1,,,Y,,,,Y,,Y,Y,,,Y,Y,N1,183,N1,9,N1,Y,,6,N1,17,,1,2,,,,,,,,,,,,15,1,,,,6,,,1,,3,2,1,13,,,2,,,,,192,,,,,,,,,,,,,,,,,Y,N1,A2121142,65
2026-04-10 00:05:25,data_go_kr,경기도,A2100034,의료법인영동의료재단의정부백병원,10,20260409235750,031-842-1211,,,,,,,,,,,,,,,,,,,,,2,,,,,,,,,,,,,,Y,,,,,,Y,N1,,,N1,Y,N1,100,N1,2,N1,Y,,3,N1,10,,,2,,,,,,,,,,,,9,,,,,3,,,,,1,1,,1,,,,,,,,192,,,,,,,,,,,,,,,,,Y,N1,A2100034,66
2026-04-10 00:05:25,data_go_kr,경기도,A2100150,추병원,12,20260409235814,031-845-8313,,,,,,,,,,,,,,,,,,,1,,1,,,,,,,,,,,,,,Y,,,,Y,,Y,Y,,,N1,Y,N1,74,N1,5,N1,N,,3,N1,12,,1,1,,,,,,,,,,,,15,,,,,3,,,,,2,1,1,1,,,,,,,,210,,,,,,,,,,,,,,,,,Y,N1,A2100150,67
2026-04-10 00:05:25,data_go_kr,경기도,A2100043,경기도의료원의정부병원,10,20260410000002,031-828-5119,,,,,,,,,,,,,,,,0,,,1,,,,,,,,,,,,18,3,,,Y,,,,,,Y,N1,,,N1,Y,N1,40,N1,3,N1,Y,,3,N1,10,,1,,,,,,,,,,,,,6,,,,,3,,70,5,,1,1,,8,,,,,,,,86,,,,,,,,,,,,,0,,,,Y,N1,A2100043,68
2026-04-10 00:05:25,data_go_kr,경기도,A2100131,메디인병원,12,20260409235845,031-570-7912,,,,,,,,,,,,,,,,,,,,,2,,,,,,,,,,,,,,Y,,,,Y,,Y,Y,,,N1,Y,N1,40,N1,,N1,Y,,4,N1,12,,,2,,,,,,,,,,,,,,,,,4,,,,,1,1,1,2,,,,,,,,206,,,,,,,,,,,,,,,,,Y,N1,A2100131,69
2026-04-10 00:05:25,data_go_kr,경기도,A2100309,의료법인갈렌의료재단박병원,6,20260410000009,031-662-4119,,,,,,,,,,,,,,,,,,,,,1,,,,,,,,,,,,,,Y,,,,,,Y,N1,,,N1,Y,N1,57,N1,5,N1,Y,,2,N1,10,,,1,,,,,,,,,,,,10,,,,,2,,,,,1,2,,3,,,,,,,,143,,,,,,,,,,,,,,,,,Y,N1,A2100309,70
2026-04-10 00:05:25,data_go_kr,경기도,A2100022,의료법인박애의료재단박애병원,10,20260409235836,031-650-9219,,,,,,,,,,,,,,,,,,,,,1,,,,,,,,,,,,,,Y,,,,,,Y,N1,,,Y,Y,N1,105,N1,5,N1,Y,,5,N1,10,,,1,,,,,,,,,,,,10,,,,,5,,,,,2,1,,20,,,2,,,,,193,,,,,,,,,,,,,,,,,Y,N1,A2100022,71
2026-04-10 00:05:25,data_go_kr,경기도,A2100036,의료법인 일심의료재단 포천우리병원,18,20260409235626,031-541-8282,,,,,,,,,,,,,,,,,,,1,,3,,,,,2,,,,,,2,,,Y,,,,Y,,Y,Y,,,Y,Y,N1,55,N1,11,N1,Y,,5,N1,18,,1,3,,,,,,,,,,,,18,2,,,,5,,,2,,2,2,1,14,,,3,,,,,201,,,,,,,,,,,,,,,,,Y,N1,A2100036,72
2026-04-10 00:05:25,data_go_kr,경기도,A2100018,의료법인은혜와감사의료재단화성중앙종합병원,9,20260409235828,031-371-7998,,,,,,,,,,,,,,,,,,,,,1,,,,,,,,,,,,,,Y,,,,,,Y,N1,,,N1,Y,N1,45,N1,3,N1,Y,,3,N1,9,,,1,,,,,,,,,,,,8,,,,,3,,,,,1,1,,3,,,,,,,,131,,,,,,,,,,,,,,,,,Y,N1,A2100018,73
2026-04-10 00:05:25,data_go_kr,경기도,A2115699,의료법인원광의료재단원광종합병원,9,20260409235831,031-8077-7219,,,,,,,,,,,,,,,,,,,1,,,,,,,,,,,,,,,,Y,,,,,,Y,N1,,,N1,Y,N1,41,N1,0,N1,Y,,4,N1,9,,1,,,,,,,,,,,,,9,,,,,4,,,,,1,2,,4,,,,,,,,135,,,,,,,,,,,,,,,,,Y,N1,A2115699,74
2026-04-10 00:05:25,data_go_kr,강원특별자치도,A2200008,강릉아산병원,17,20260409235815,033-610-3333,Y,Y,,,,,0,0,,1,,,,,,,,3,2,1,3,5,,,,,7,,,,,,Y,,Y,,,,Y,,Y,Y,,,Y,Y,Y,44,Y,,Y,Y,4,14,Y,23,3,2,3,18,14,16,13,,,,,,,,,,38,,,15,,,,2,4,3,4,33,8,12,7,6,1,,2,596,,,,,1,6,,,,,,,,,,,Y,Y,A2200008,1
2026-04-10 00:05:25,data_go_kr,강원특별자치도,A2200001,연세대학교원주세브란스기독병원,16,20260409234501,033-741-1641,Y,Y,,,,,0,,,5,,,,3,8,,,3,2,4,3,8,,,,,17,,5,2,9,,Y,,Y,4,2,6,Y,2,Y,Y,,,Y,Y,Y,93,Y,,Y,Y,6,14,Y,29,3,2,3,20,15,12,19,,,,15,20,,,,,30,,40,15,2,24,,2,5,4,7,100,12,25,16,7,13,,4,618,,,,,2,,,,,,4,8,,,2,6,Y,Y,A2200001,2
2026-04-10 00:05:25,data_go_kr,강원특별자치도,A2200013,한림대학교춘천성심병원,18,20260409235928,033-240-5219,Y,Y,2,3,,,,0,,,,,,,,,,3,,,,7,,,,0,35,,,,,2,Y,Y,Y,,,,Y,,Y,Y,0,,Y,Y,Y,74,Y,4,Y,Y,,9,Y,22,3,,,20,,,,,,8,,,,,20,2,45,,,9,,,2,1,2,2,3,33,1,4,6,2,1,1,1,276,2,3,,,,2,,,,,,,,,,,Y,Y,A2200013,3
2026-04-10 00:05:25,data_go_kr,강원특별자치도,A2200005,의료법인강릉동인병원,13,20260410000437,033-650-6105,,,,,,,,,,0,,,,,,,,,1,,2,,,,,2,,,,,5,,,,Y,,,,Y,,Y,Y,,,Y,Y,N1,63,N1,0,N1,Y,,5,N1,17,,1,2,,12,,,,,,,,,,12,2,,,,5,,101,,,2,1,1,14,,,1,,,,,248,,,,,,,,,,,,,,,,,Y,N1,A2200005,4
2026-04-10 00:05:25,data_go_kr,강원특별자치도,A2200007,강원특별자치도삼척의료원,15,20260410000501,033-570-7431,,Y,,,,,,,,,,,,,,,,2,2,,1,,,,,,,,,,,4,Y,,Y,,,,,,Y,N1,,,N1,Y,N1,64,N1,4,Y,Y,,2,N1,15,2,2,1,,,,,,,,,,,,6,,,,,2,,,4,1,1,1,,3,,3,,,,,,138,,,,,,,,,,,,,,,,,Y,N1,A2200007,5
2026-04-10 00:05:25,data_go_kr,강원특별자치도,A2200012,강원특별자치도속초의료원,17,20260410000501,033-630-6036,Y,Y,,,,,,,,,,,,,,,,,2,,1,,,,,,,,,,,,Y,,Y,,,,,,Y,N1,,,N1,Y,N1,49,N1,3,Y,Y,,3,N1,17,,2,1,,,,,,,,,,,,8,,,,,3,,,,2,1,1,,7,1,1,,,,,,154,,,,,,,,,,,,,,,,,Y,Y,A2200012,6
2026-04-10 00:05:25,data_go_kr,강원특별자치도,A2200009,강원대학교병원,13,20260410000500,033-258-2293,Y,Y,,,,,0,,,4,,,,,,,,6,2,,2,0,2,,6,2,,,,,1,14,Y,Y,Y,0,,,Y,,Y,Y,,,Y,Y,Y,233,Y,,Y,Y,4,11,Y,15,6,2,3,5,10,,15,8,,,8,,8,,,2,,,,11,,16,14,3,4,2,4,47,14,24,10,3,11,0,0,517,,,,,0,,,,,,,,,,,,Y,Y,A2200009,7
2026-04-10 00:05:25,data_go_kr,강원특별자치도,A2200011,강원특별자치도강릉의료원,3,20260410000501,033-610-1234,,,,,,,,,,,,,,,,20,,,,,1,,,,,,,,,,,5,,,Y,,,,,,Y,N1,,,N1,Y,N1,22,N1,3,N1,Y,,2,N1,5,,,1,,,,,,,,,,,,8,,,,,2,,,5,,1,1,,4,,,,,,,,122,,,,,,,,,,,,,20,,,,Y,N1,A2200011,8
2026-04-10 00:05:25,data_go_kr,강원특별자치도,A2200003,의료법인동해동인병원,7,20260410000004,033-530-0129,,,,,,,,,,,,,,,,,,,,,1,,,,,1,,,,,53,,,,Y,,,,,,Y,N1,,,N1,Y,N1,32,N1,7,N1,Y,,2,N1,10,,,1,,,,,,,,,,,,19,1,,,,2,,110,,,1,1,,7,,,,,,,,178,,,,,,,,,,,,,,,,,Y,N1,A2200003,9
2026-04-10 00:05:25,data_go_kr,강원특별자치도,A2200046,의료법인온세움의료재단온재병원,8,20260409235928,033-639-8988,,,,,,,,,,,,,,,,,,,,,1,,,,,,,,,,28,,,,Y,,,,,,Y,N1,,,N1,Y,N1,62,N1,6,N1,Y,,4,N1,9,,,1,,,,,,,,,,,,15,,,,,4,,59,,,1,1,,4,,,,,,,,219,,,,,,,,,,,,,,,,,Y,N1,A2200046,10
2026-04-10 00:05:25,data_go_kr,강원특별자치도,A2200037,의료법인성심의료재단양구성심병원,5,20260410000455,033-480-8816,,Y,,,,,,,,,,,,,,,,,1,,,,,,,,,,,,,,Y,,Y,,,,,,Y,N1,,,N1,Y,N1,26,N1,,Y,N1,,,N1,5,,1,,,,,,,,,,,,,,,,,,,,,,1,1,,,1,,1,,,,,,52,,,,,,,,,,,,,,,,,Y,N1,A2200037,11
2026-04-10 00:05:25,data_go_kr,강원특별자치도,A2200002,강원특별자치도영월의료원,6,20260410000001,033-370-9129,,Y,,,,,,,,,,,,,,,1,,,,,,,,,0,,,,,,2,Y,,Y,,,,,,Y,N1,,,N1,Y,N1,48,N1,4,Y,Y,,2,N1,9,,,,,,,,,,,,,,,10,2,,,,2,,,2,1,1,1,,7,,3,,,,,,174,,,,,,,,,,,,,,1,,,Y,N1,A2200002,12
2026-04-10 00:05:25,data_go_kr,강원특별자치도,A2200015,강원특별자치도원주의료원,3,20260410000002,033-760-4701,,,,,,,,,,,,,,,,,,,,,2,,,,,,,,,,,,,,Y,,,,,,Y,N1,,,N1,Y,N1,-8,N1,0,N1,Y,,3,N1,8,,,2,,,,,,,,,,,,11,,,,,3,,,,,1,1,,7,,,,,,,,163,,,,,,,,,,,,,,,,,Y,N1,A2200015,13
2026-04-10 00:05:25,data_go_kr,강원특별자치도,A2200024,의료법인성지의료재단성지병원,4,20260410000456,033-760-3119,,,,,,,,,,,,,,,,13,,,,,1,,,,,,,,,,,,,,Y,,,,,,Y,N1,,,N1,Y,N1,-102,N1,9,N1,Y,,4,N1,7,,,1,,,,,,,,,,,,9,,,,,4,,,,,1,2,,4,,,,,,,,135,,,,,,,,,,,,,13,,,,Y,N1,A2200024,14
2026-04-10 00:05:25,data_go_kr,강원특별자치도,A2200048,근로복지공단정선병원,5,20260410000300,033-560-7150,,,,,,,,,,,,,,,,,,,,,1,,,,,,,,,,,,,,Y,,,,,,Y,N1,,,N1,Y,N1,29,N1,,N1,N1,,,N1,5,,,1,,,,,,,,,,,,,,,,,,,,,,1,,,3,,,,,,,,149,,,,,,,,,,,,,,,,,Y,N1,A2200048,15
2026-04-10 00:05:25,data_go_kr,강원특별자치도,A2201730,철원병원,5,20260410000001,033-452-5012,N,Y,,,,,,,,,,,,,,,,,1,,,,,,,,,,,,,,Y,N,Y,,,,N,,Y,N,,,N,Y,N,38,N,,Y,Y,,2,N,5,,1,,,,,,,,,,,,,,,,,,2,,,,1,1,1,0,1,0,1,0,0,0,0,0,68,,,,,,,,,,,,,,,,,Y,N,A2201730,16
2026-04-10 00:05:25,data_go_kr,강원특별자치도,A2200004,근로복지공단태백병원,9,20260409235900,033-580-3119,,,,,,,,,,,,,,,,,,,1,,,,,,,1,,,,,,,Y,,Y,,,,,,Y,N1,,,N1,Y,N1,50,N1,4,N1,Y,,2,N1,9,,1,,,,,,,,,,,,,9,1,,,,2,,,,1,1,1,,8,,,,,,,,237,,,,,,,,,,,,,,,,,Y,N1,A2200004,17
2026-04-10 00:05:25,data_go_kr,강원특별자치도,E2200026,평창군보건의료원,6,20260410000002,033-330-4812,,,,,,,,,,,,,,,,,,,,,1,,,,,,,,,,,,,,Y,,,,,,Y,N1,,,N1,Y,N1,20,N1,,N1,N1,,,N1,6,,,1,,,,,,,,,,,,,,,,,,,,,,1,,,1,,,,,,,,20,,,,,,,,,,,,,,,,,Y,N1,E2200026,18
2026-04-10 00:05:25,data_go_kr,강원특별자치도,A2200014,홍천아산병원,9,20260409235500,033-430-5119,,,,,,,,,,,,,,,,,,,,,,,,,,,,,,,,,,,Y,,,,,,Y,N1,,,N1,Y,N1,7,N1,1,N1,Y,,2,N1,10,,,,,,,,,,,,,,,7,,,,,2,,,,,1,1,,4,,,,,,,,128,,,,,,,,,,,,,,,,,Y,N1,A2200014,19
2026-04-10 00:05:25,data_go_kr,강원특별자치도,E2200025,화천군보건의료원,7,20260410000002,033-440-2880,,,,,,,,,,,,,,,,,,,,,1,,,,,,,,,,,,,,,,,,,,Y,N1,,,N1,N1,N1,16,N1,,N1,N1,,,N1,7,,,1,,,,,,,,,,,,,,,,,,,,,,,,,1,,,,,,,,16,,,,,,,,,,,,,,,,,Y,N1,E2200025,20
2026-04-10 00:05:25,data_go_kr,강원특별자치도,A2200016,횡성대성병원,9,20260410000024,033-345-1191,,,,,,,,,,,,,,,,,,,,,1,,,,,,,,,,,,,,Y,,,,,,Y,N1,,,N1,Y,N1,22,N1,,N1,Y,,1,N1,9,,,1,,,,,,,,,,,,,,,,,1,,,,,1,1,,1,,,,,,,,114,,,,,,,,,,,,,,,,,Y,N1,A2200016,21
2026-04-10 00:05:25,data_go_kr,충청북도,A2300001,충북대학교병원,23,20260410000500,043-269-6114,Y,Y,2,3,,,,0,,,,,,,,,,7,,,,4,,,,1,23,,7,2,8,11,Y,,Y,,2,6,Y,19,Y,Y,2,,Y,Y,Y,183,Y,2,Y,Y,9,16,N1,30,8,,,18,,,25,,,4,,20,,,17,5,40,,40,16,2,21,13,2,4,4,6,85,13,31,14,9,15,,,547,2,3,,,,2,,,,,,,,,2,6,Y,Y,A2300001,1
2026-04-10 00:05:25,data_go_kr,충청북도,A2300009,의료법인명지의료재단명지병원,16,20260410000412,043-640-8117,,,,,,,,,,,,,,,,,,3,2,,4,,,,,3,,,,,,,,,Y,,,,Y,,Y,Y,,,Y,Y,Y,59,N1,12,N1,Y,,3,N1,18,3,2,4,,,,,,,,,,,,17,3,,,,3,,,,,2,1,1,10,,,2,1,,,,201,,,,,,,,,,,,,,,,,Y,N1,A2300009,2
2026-04-10 00:05:25,data_go_kr,충청북도,A2300005,의료법인자산의료재단제천서울병원,13,20260410000158,043-643-2327,,,,,,,,,,,,,,,,,,,1,,4,,,,,,,,,,,,,,Y,,,,,,Y,N1,,,Y,Y,N1,35,N1,4,N1,Y,,3,Y,15,,1,4,,,,,,,,,,,,13,,,,,3,,,,,1,1,,10,,,1,,,,1,205,,,,,,,,,,,,,,,,,Y,N1,A2300005,3
2026-04-10 00:05:25,data_go_kr,충청북도,A2300013,의료법인 건명의료재단 중앙제일병원,14,20260410000458,043-537-9119,,,,,,,,,,,,,,,,,,,3,,,,,,,0,,,,,,31,,,Y,,,,,,Y,N1,,,Y,Y,N1,66,N1,12,N1,Y,,5,N1,17,,3,,,,,,,,,,,,,12,6,,,,5,,,31,,2,2,,6,,,1,,,,,192,,,,,,,,,,,,,,,,,Y,N1,A2300013,4
2026-04-10 00:05:25,data_go_kr,충청북도,A2300007,의료법인인화재단한국병원,9,20260410000308,043-222-6177,,Y,,,,,,,,,,,,,,,3,,1,,1,,,,,1,,,,,,1,Y,,Y,,,,Y,,Y,Y,,,Y,Y,N1,52,N1,4,Y,Y,,6,N1,14,,1,2,,,,,,,,,,,,24,1,,,,6,,,1,1,2,2,2,18,,1,3,,,,,403,,,,,,,,,,,,,,3,,,Y,N1,A2300007,5
2026-04-10 00:05:25,data_go_kr,충청북도,A2300003,의료법인정산의료재단효성병원,16,20260410000037,043-221-2192,,N,,,,,,,,,,,,,,,,,1,,4,,,,,0,,,,,,,Y,,Y,,,,Y,,Y,Y,,,Y,Y,N1,80,N1,1,N,Y,,4,Y,18,,1,4,,,,,,,,,,,,29,2,,,,4,,,,1,3,4,2,19,,1,2,,,,1,366,,,,,,,,,,,,,,,,,Y,N1,A2300003,6
2026-04-10 00:05:25,data_go_kr,충청북도,A2300008,청주성모병원,9,20260410000511,043-219-8119,,Y,,,,,,,,3,,,,,,,,,2,-1,4,,,,,1,,,,,,15,Y,,Y,,,,Y,,Y,Y,,,Y,Y,N1,126,N1,,Y,Y,,8,N1,15,,2,5,,14,13,,,,,,,,,,1,,,,8,,,30,1,3,2,1,19,,2,3,,,,,362,,,,,,,,,,,,,,,,,Y,N1,A2300008,7
2026-04-10 00:05:25,data_go_kr,충청북도,A2300002,의료법인한마음의료재단하나병원,21,20260410000159,043-230-6594,,,,,,,,,,,,,,,,,,,1,,2,,,,,1,,,,,,,,,Y,,,,Y,,Y,Y,,,Y,Y,N1,145,N1,8,N1,Y,,7,Y,23,,1,2,,,,,,,,,,,,24,2,,,,7,,,,,3,3,2,20,,,4,,,,1,463,,,,,,,,,,,,,,,,,Y,N1,A2300002,8
2026-04-10 00:05:25,data_go_kr,충청북도,A2300010,건국대학교충주병원,19,20260410000501,043-840-8330,Y,Y,,,,,,,,,,,,,,,,,1,,2,,,,,,,,,,,1,Y,,Y,,,,Y,,Y,Y,,,Y,Y,Y,40,N1,6,Y,Y,,5,N1,20,,1,2,,,,,,,,,,,,18,,,,,5,,,1,1,2,1,2,11,1,4,3,1,,,,194,,,,,,,,,,,,,,,,,Y,Y,A2300010,9
2026-04-10 00:05:25,data_go_kr,충청북도,A2300034,의료법인대광의료재단괴산성모병원,9,20260410000459,043-830-5419,,,,,,,,,,,,,,,,,,,,,0,,,,,,,,,,,,,,Y,,,,,,Y,N1,,,N1,Y,N1,27,N1,,N1,Y,,1,N1,9,,,1,,,,,,,,,,,,,,,,,1,,,,,1,1,,3,,,,,,,,153,,,,,,,,,,,,,,,,,Y,N1,A2300034,10
2026-04-10 00:05:25,data_go_kr,충청북도,E2300011,단양군보건의료원,6,20260410000501,043-420-0139,,,,,,,,,,,,,,,,,,,1,,,,,,,,,,,,,2,,,Y,,,,,,Y,N1,,,N1,Y,N1,14,N1,,N1,N1,,,N1,6,,1,,,,,,,,,,,,,,,,,,,,,2,,1,,,1,,,,,,,,14,,,,,,,,,,,,,,,,,Y,N1,E2300011,11
2026-04-10 00:05:25,data_go_kr,충청북도,A2300017,의료법인정민의료재단보은한양병원,0,20260410000442,070-7575-2853,,,,,,,,,,,,,,,,,,,,,0,,,,,,,,,,,,,,Y,,,,,,Y,N1,,,N1,Y,N1,65,N1,,N1,Y,,0,N,7,,,1,,,,,,,,,,,,,,,,,1,,,,,1,1,,1,,,,,,,0,112,,,,,,,,,,,,,,,,,Y,N1,A2300017,12
2026-04-10 00:05:25,data_go_kr,충청북도,A2300030,의료법인조윤의료재단영동병원,9,20260410000505,043-740-9333,,Y,,,,,,,,,,,,,,,,,,,,,,,,,,,,,,,Y,,Y,,,,,,Y,N1,,,N1,Y,N1,36,N1,,Y,Y,,2,N1,10,,,,,,,,,,,,,,,,,,,,2,,,,1,1,1,,3,,1,,,,,,161,,,,,,,,,,,,,,,,,Y,N1,A2300030,13
2026-04-10 00:05:25,data_go_kr,충청북도,A2300011,의료법인힐링의료재단옥천성모병원,7,20260410000035,043-730-7119,,,,,,,,,,,,,,,,,,,2,,1,,,,,,,,,,,,,,Y,,,,,,Y,N1,,,N1,Y,N1,35,N1,2,N1,Y,,2,N1,7,,2,1,,,,,,,,,,,,7,,,,,2,,,,,1,1,,4,,,,,,,,157,,,,,,,,,,,,,,,,,Y,N1,A2300011,14
2026-04-10 00:05:25,data_go_kr,충청북도,A2300006,충청북도청주의료원,11,20260410000502,043-279-0119,,Y,,,,,,,,,,,,,,,3,,1,,,,,,,3,,,,,90,6,Y,,Y,,,,Y,,Y,Y,,,Y,Y,N1,128,N1,17,Y,Y,,5,N1,12,,1,,,,,,,,,,,,,21,3,,,,5,,90,6,1,1,2,1,12,,1,1,,,,,359,,,,,,,,,,,,,,3,,,Y,N1,A2300006,15
2026-04-10 00:05:25,data_go_kr,충청북도,A2300004,충청북도충주의료원,18,20260410000502,043-871-0119,,,,,,,,,,,,,,,,,,,1,,2,,,,,,,,,,,,,,Y,,,,Y,,Y,Y,,,Y,Y,N1,102,N1,5,N1,Y,,4,N1,18,,1,2,,,,,,,,,,,,12,,,,,4,,,,,1,1,1,8,,,1,,,,,282,,,,,,,,,,,,,,,,,Y,N1,A2300004,16
2026-04-10 00:05:25,data_go_kr,충청남도,A2400002,단국대학교의과대학부속병원,18,20260410000501,041-550-6840,Y,Y,2,2,,,,1,,,,,,7,,,,3,,2,1,2,,,,0,4,,1,2,5,2,Y,,Y,1,2,6,Y,6,Y,Y,,,Y,Y,Y,63,Y,,Y,Y,0,13,Y,25,4,,1,18,,13,25,,,,13,20,,,,1,30,,40,13,2,20,8,3,4,3,6,66,14,29,13,7,17,,1,640,2,2,,,,2,,,,,7,,,,2,6,Y,Y,A2400002,1
2026-04-10 00:05:25,data_go_kr,충청남도,A2400001,학교법인동은학원순천향대학교부속천안병원,14,20260410000121,041-590-7019,Y,Y,,,1,3,1,,,6,,,,,,,,12,4,2,1,8,,2,,5,1,2,,,,1,Y,Y,Y,,,,Y,,Y,Y,,,Y,Y,Y,64,Y,,Y,Y,-14,19,Y,22,14,4,3,17,18,15,28,,2,,,,,,,6,30,6,,19,,,14,11,6,4,6,60,16,37,6,6,10,1,1,599,,,1,3,1,,,,,,,,,,,,Y,Y,A2400001,2
2026-04-10 00:05:25,data_go_kr,충청남도,A2400009,의료법인백제병원,18,20260410000410,041-730-8882,,,,,,,,,,,,,,,,,,,1,,2,,,,,,,,,,14,,,,Y,,,,Y,,Y,Y,,,Y,Y,N1,27,N1,-4,N1,Y,,4,N1,20,,1,2,,,,,,,,,,,,26,,,,,4,,49,,,2,2,1,11,,,3,,,,,398,,,,,,,,,,,,,,,,,Y,N1,A2400009,3
2026-04-10 00:05:25,data_go_kr,충청남도,A2400008,당진종합병원,14,20260410000533,041-358-3624,,,,,,,,,,,,,,,,,,,1,,2,,,,,,,,,,,,,,Y,,,,Y,,Y,Y,,,Y,Y,N1,86,N1,0,N1,Y,,4,N1,17,,1,2,,,,,,,,,,,,13,,,,,4,,,,,2,2,1,5,,,1,,,,,246,,,,,,,,,,,,,,,,,Y,N1,A2400008,4
2026-04-10 00:05:25,data_go_kr,충청남도,A2400011,재단법인아산사회복지재단보령아산병원,15,20260410000001,041-930-5333,,,,,,,,,,,,,,,,,,,1,,2,,,,,,,,,,,,,,Y,,,,,,Y,N1,,,N1,Y,N1,75,N1,2,N1,Y,,2,N1,17,,1,2,,,,,,,,,,,,8,,,,,2,,,,,1,1,,4,,,,,,,,221,,,,,,,,,,,,,,,,,Y,N1,A2400011,5
2026-04-10 00:05:25,data_go_kr,충청남도,A2400003,서산중앙병원,15,20260410000000,041-661-1195,,,,,,,,,,,,,,,,,,,1,,2,,,,,,,,,,,,,,Y,,,,,,Y,N1,,,Y,Y,N1,38,N1,5,N1,Y,,4,N1,17,,1,2,,,,,,,,,,,,17,,,,,4,,,,,1,1,,7,,,1,,,,,288,,,,,,,,,,,,,,,,,Y,N1,A2400003,6
2026-04-10 00:05:25,data_go_kr,충청남도,A2400006,충청남도서산의료원,14,20260410000102,041-689-7119,,,,,,,,,,,,,,,,,,,1,,2,,,,,,,,,,,5,,,Y,,,,,,Y,N1,,,N1,Y,N1,35,N1,0,N1,Y,,3,N1,17,,1,2,,,,,,,,,,,,10,,,,,3,,,5,,2,1,,10,,,,,,,,263,,,,,,,,,,,,,,,,,Y,N1,A2400006,7
2026-04-10 00:05:25,data_go_kr,충청남도,A2402257,아산충무병원,11,20260410000340,041-536-6519,,,1,7,,,,,,,,,,5,,,,,,,,,,,,2,,,,,,,Y,,Y,,,,Y,,Y,Y,,,Y,Y,Y,193,Y,6,N1,Y,,4,N1,13,,,,,,,,,,,,,,,22,2,,,,4,,,,1,2,2,3,27,,,4,2,1,,,456,1,7,,,,,,,,,5,,,,,,Y,N1,A2402257,8
2026-04-10 00:05:25,data_go_kr,충청남도,A2400012,의료법인영서의료재단천안충무병원,14,20260410000439,041-570-7519,,,,,,,,,,,,,,,,,,,1,,4,,,,,0,,,,,,,,,Y,1,,,Y,,Y,Y,,,Y,Y,Y,18,N1,1,N1,Y,,5,N1,16,,1,4,,,,,,,,7,,,,19,3,,,,5,,,,,2,2,3,26,,,3,3,,,,333,,,,,,,,,,,,,,,,,Y,N1,A2400012,9
2026-04-10 00:05:25,data_go_kr,충청남도,A2400007,충청남도홍성의료원,14,20260410000301,041-630-6119,,,,,,,,,,,,,,,,,,1,1,,2,,,,,1,,,,,11,1,Y,,Y,,,,N,,Y,N,,,N1,Y,N1,126,N1,3,N1,Y,,4,Y,18,1,1,2,,,,,,,,,,,,24,1,,,,4,,49,1,1,2,2,1,10,,,,,,,2,263,,,,,,,,,,,,,,,,,Y,N1,A2400007,10
2026-04-10 00:05:25,data_go_kr,충청남도,A2400010,충청남도공주의료원,15,20260410000002,041-962-1365,,,,,,,,,,,,,,,,,,,,,1,,,,,,,,,,,6,,,Y,,,,,,Y,N1,,,Y,Y,N1,68,N1,2,N1,Y,,6,N1,15,,,1,,,,,,,,,,,,16,,,,,6,,,6,,1,1,,9,,,2,,,,,273,,,,,,,,,,,,,,,,,Y,N1,A2400010,11
2026-04-10 00:05:25,data_go_kr,충청남도,A2400038,학교법인건양교육재단건양대학교부여병원,8,20260410000400,041-837-1201,,,,,,,,,,,,,,,,,,,,,1,,,,,,,,,,,,,,Y,,,,,,Y,N1,,,N1,Y,N1,18,N1,,N1,N1,,1,N1,9,,,1,,,,,,,,,,,,,,,,,1,,,,,1,,,1,,,,,,,,55,,,,,,,,,,,,,,,,,Y,N1,A2400038,12
2026-04-10 00:05:25,data_go_kr,충청남도,A2400044,의료법인 서해병원,5,20260410000347,041-950-0219,,,,,,,,,,,,,,,,,,,,,2,,,,,,,,,,,,,,Y,,,,,,Y,N1,,,N1,Y,N1,27,N1,,N1,N1,,,N1,5,,,2,,,,,,,,,,,,,,,,,,,,,,1,,,1,,,,,,,,79,,,,,,,,,,,,,,,,,Y,N1,A2400044,13
2026-04-10 00:05:25,data_go_kr,충청남도,A2400039,현대병원,6,20260410000001,041-546-7744,N,N,,,,,,,,,,,,,,,,,,,1,,,,,,,,,,,,N,N,Y,0,,,N,,Y,N,,,N,Y,N,12,N,2,N,Y,,3,N,10,,,1,,,,,,,,0,,,,7,,,,,3,,,,0,1,1,0,3,0,0,0,0,0,0,0,84,,,,,,,,,,,,,,,,,Y,N,A2400039,14
2026-04-10 00:05:25,data_go_kr,충청남도,A2400004,의료법인예당의료재단예산종합병원,5,20260410000449,041-330-4119,,,,,,,,,,,,,,,,,,,,,1,,,,,,,,,,,,,,Y,,,,,,Y,N1,,,N1,Y,N1,0,N1,5,N1,Y,,0,N1,6,,,1,,,,,,,,,,,,9,,,,,0,,,,,0,0,,0,,,,,,,,88,,,,,,,,,,,,,,,,,Y,N1,A2400004,15
2026-04-10 00:05:25,data_go_kr,충청남도,A2400005,충청남도천안의료원,12,20260410000503,041-570-7119,,,,,,,,,,,,,,,,6,,,,,1,,,,,,,,,,,,,,Y,,,,,,Y,N1,,,N1,Y,N1,71,N1,1,N1,Y,,4,N1,12,,,1,,,,,,,,,,,,15,,,,,4,,,,,1,1,,10,,,,,,,,241,,,,,,,,,,,,,6,,,,Y,N1,A2400005,16
2026-04-10 00:05:25,data_go_kr,충청남도,E2400032,청양군보건의료원,6,20260410000500,041-940-4951,,,,,,,,,,,,,,,,,,,,,1,,,,,,,,,,,,,,Y,,,,,,Y,N1,,,N1,Y,N1,12,N1,,N1,N1,,1,N1,6,,,1,,,,,,,,,,,,,,,,,1,,,,,1,,,1,,,,,,,,12,,,,,,,,,,,,,,,,,Y,N1,E2400032,17
2026-04-10 00:05:25,data_go_kr,충청남도,E2400033,태안군보건의료원,10,20260410000501,041-671-5319,,,,,,,,,,,,,,,,,,,,,1,,,,,,,,,,,,,,Y,,,,,,Y,N1,,,N1,Y,N1,24,N1,,N1,N1,,,N1,10,,,1,,,,,,,,,,,,,,,,,,,,,,1,,,1,,,,,,,,34,,,,,,,,,,,,,,,,,Y,N1,E2400033,18
2026-04-10 00:05:25,data_go_kr,전북특별자치도,A2500001,원광대학교병원,18,20260410000524,063-859-1165,Y,Y,2,1,,,,2,,3,,,,,,,,3,,3,,11,,,1,5,1,,17,2,1,1,Y,,Y,,2,6,Y,8,Y,Y,,,Y,Y,Y,40,Y,4,Y,Y,3,15,Y,26,3,,,18,8,15,15,,,,,20,8,,15,7,31,,40,15,2,30,2,1,5,3,4,65,11,15,4,1,1,,2,543,2,3,,,,2,,,,,,,,,2,6,Y,Y,A2500001,1
2026-04-10 00:05:25,data_go_kr,전북특별자치도,A2500002,전북대학교병원,19,20260410000504,063-250-1131,Y,Y,2,5,,,2,1,,1,,,,,,,,4,,0,,3,7,,9,1,6,,,,3,15,Y,,Y,3,,,Y,,Y,Y,,,Y,Y,Y,202,Y,,Y,Y,10,21,N1,36,5,,,17,10,8,25,10,,,11,,15,,,2,30,,,21,,7,15,3,5,5,6,109,15,26,12,9,2,,,820,2,5,,,2,1,,,,,,,,,,,Y,Y,A2500002,2
2026-04-10 00:05:25,data_go_kr,전북특별자치도,A2500007,전북특별자치도군산의료원,10,20260410000501,063-472-5130,,Y,,,,,,,,,,,,,,,,,1,,2,,,,,2,,,,,,,Y,,Y,,,,,,Y,N1,,,N1,Y,N1,81,N1,12,Y,Y,,6,N1,17,,1,2,,,,,,,,,,,,20,2,,,,6,,,,1,1,1,,18,,2,,,,,,297,,,,,,,,,,,,,,,,,Y,N1,A2500007,3
2026-04-10 00:05:25,data_go_kr,전북특별자치도,A2500012,의료법인오성의료재단동군산병원,9,20260410000508,063-440-0516,,,,,,,,,,,,,,,,0,,,1,,5,,,,,,,,,,,,,,Y,,,,Y,,Y,Y,,,Y,Y,N1,38,N1,3,N1,Y,,6,N1,17,,1,5,,,,,,,,,,,,19,,,,,6,,,,,2,2,2,13,,,2,,,,,265,,,,,,,,,,,,,0,,,,Y,N1,A2500012,4
2026-04-10 00:05:25,data_go_kr,전북특별자치도,A2500004,전북특별자치도남원의료원,16,20260410000502,063-620-1119,,Y,,,,,,,,,,,,,,,,,1,,2,,,,,1,,,,,,,Y,,Y,,,,,,Y,N1,,,N1,Y,N1,122,N1,4,Y,Y,,3,N1,17,,1,2,,,,,,,,,,,,9,1,,,,3,,,,3,2,1,,10,,1,,,,,,238,,,,,,,,,,,,,,,,,Y,N1,A2500004,5
2026-04-10 00:05:25,data_go_kr,전북특별자치도,A2500011,의료법인대산의료재단익산병원,12,20260410000506,063-840-9112,,,,,,,,,,,,,,,,,,,1,,2,,,,,0,,,,,,,,,Y,,,,Y,,Y,Y,,,N1,Y,N1,3,N1,5,N1,Y,,5,N1,17,,1,2,,,,,,,,,,,,17,1,,,,5,,,,,2,2,1,7,,,,,,,,333,,,,,,,,,,,,,,,,,Y,N1,A2500011,6
2026-04-10 00:05:25,data_go_kr,전북특별자치도,A2500056,대자인병원,22,20260410000307,063-250-8701,,,,,,,,,,,,,,,,,,,1,4,2,,,,,0,,,,,,,,,Y,,,,Y,,Y,Y,,,Y,Y,Y,30,N1,0,N1,Y,,15,Y,33,,1,2,,,36,,,,,,,,,15,4,,,,15,,,,,4,3,2,12,,,4,2,,,1,48,,,,,,,,,,,,,,,,,Y,N1,A2500056,7
2026-04-10 00:05:25,data_go_kr,전북특별자치도,A2500006,재단법인예수병원유지재단예수병원,23,20260410000047,063-230-8280,Y,Y,,,1,1,,,,,,,,,,,,6,1,,1,,,2,,4,,0,,,,0,Y,,Y,4,,,Y,,Y,Y,,,Y,Y,Y,62,N1,5,Y,Y,4,14,Y,38,10,1,2,,,,12,,2,,14,,,,23,4,,6,,14,,,5,4,4,3,4,40,6,12,7,2,,,2,685,,,1,1,,,,,,,,,,,,,Y,Y,A2500006,8
2026-04-10 00:05:25,data_go_kr,전북특별자치도,A2500005,의료법인영경의료재단전주병원,7,20260410000116,063-226-6119,,,,,,,,,,,,,,,,,,,1,,2,,,,,,,,,,,,,,Y,,,,,,Y,N1,,,Y,Y,N1,-3,N1,2,N1,Y,,3,N1,17,,1,2,,,,,,,,,,,,9,,,,,3,,,,,1,2,,6,,,1,,,,,275,,,,,,,,,,,,,,,,,Y,N1,A2500005,9
2026-04-10 00:05:25,data_go_kr,전북특별자치도,A2500008,재단법인 아산사회복지재단 정읍아산병원,15,20260410000001,063-530-6129,,,,,,,,,,,,,,,,,,,1,,2,,,,,,,,,,,,,,Y,,,,,,Y,N1,,,N1,Y,N1,76,N1,3,N1,Y,,3,N1,17,,1,2,,,,,,,,,,,,10,,,,,3,,,,,1,1,,5,,,,,,,,276,,,,,,,,,,,,,,,,,Y,N1,A2500008,10
2026-04-10 00:05:25,data_go_kr,전북특별자치도,A2500009,의료법인석천재단고창병원,8,20260410000331,063-560-5558,,,,,,,,,,,,,,,,,,,,,1,,,,,,,,,,,,,,Y,,,,,,Y,N1,,,N1,Y,N1,13,N1,,N1,Y,,2,N1,10,,,1,,,,,,,,,,,,,,,,,2,,,,,1,1,,4,,,,,,,,258,,,,,,,,,,,,,,,,,Y,N1,A2500009,11
2026-04-10 00:05:25,data_go_kr,전북특별자치도,A2500038,김제우석병원,10,20260410000310,063-540-5119,,,,,,,,,,,,,,,,,,,,,1,,,,,,,,,,,,,,Y,,,,,,Y,N1,,,N1,Y,N1,57,N1,,N1,Y,,2,N1,10,,,1,,,,,,,,,,,,,,,,,2,,,,,1,1,,1,,,,,,,,200,,,,,,,,,,,,,,,,,Y,N1,A2500038,12
2026-04-10 00:05:25,data_go_kr,전북특별자치도,E2500019,무주군보건의료원,4,20260410000501,063-320-8315,,,,,,,,,,,,,,,,,,,,,1,,,,,,,,,,,,,,Y,,,,,,Y,N1,,,N1,Y,N1,24,N1,,N1,N1,,,N1,4,,,1,,,,,,,,,,,,,,,,,,,,,,1,,,1,,,,,,,,24,,,,,,,,,,,,,,,,,Y,N1,E2500019,13
2026-04-10 00:05:25,data_go_kr,전북특별자치도,A2500010,부안성모병원,10,20260410000241,063-580-8119,,,,,,,,,,,,,,,,,,,,,2,,,,,,,,,,,,,,Y,,,,,,Y,N1,,,N1,Y,N1,13,N1,9,N1,Y,,3,N1,10,,,2,,,,,,,,,,,,9,,,,,3,,,,,1,1,,2,,,,,,,,240,,,,,,,,,,,,,,,,,Y,N1,A2500010,14
2026-04-10 00:05:25,data_go_kr,전북특별자치도,E2500021,순창군보건의료원,9,20260410000501,063-650-5352,,,,,,,,,,,,,,,,,,,,,1,,,,,,,,,,,,,,Y,,,,,,Y,N1,,,N1,Y,N1,29,N1,,N1,N1,,,N1,9,,,1,,,,,,,,,,,,,,,,,,,,,,1,,,1,,,,,,,,30,,,,,,,,,,,,,,,,,Y,N1,E2500021,15
2026-04-10 00:05:25,data_go_kr,전북특별자치도,E2500022,임실군보건의료원,4,20260410000500,063-640-3119,,,,,,,,,,,,,,,,,,,,,1,,,,,,,,,,,,,,Y,,,,,,Y,N1,,,N1,Y,N1,,N1,,N1,N1,,,N1,4,,,1,,,,,,,,,,,,,,,,,,,,,,1,,,1,,,,,,,,,,,,,,,,,,,,,,,,,Y,N1,E2500022,16
2026-04-10 00:05:25,data_go_kr,전북특별자치도,E2500020,장수군보건의료원,5,20260410000501,063-350-2119,,,,,,,,,,,,,,,,,,,,,1,,,,,,,,,,,,,,,,,,,,Y,N1,,,N1,N1,N1,22,N1,,N1,N1,,,N1,5,,,1,,,,,,,,,,,,,,,,,,,,,,,,,1,,,,,,,,22,,,,,,,,,,,,,,,,,Y,N1,E2500020,17
2026-04-10 00:05:25,data_go_kr,전북특별자치도,A2501890,의료법인영경의료재단호성전주병원,7,20260410000428,063-240-8862,,,,,,,,,,,,,,,,,,,,,1,,,,,,,,,,,,,,Y,,,,,,Y,N1,,,N1,Y,N1,6,N1,,N1,Y,,2,N1,9,,,1,,,,,,,,,,,,,,,,,2,,,,,1,1,,1,,,,,,,,122,,,,,,,,,,,,,,,,,Y,N1,A2501890,18
2026-04-10 00:05:25,data_go_kr,전북특별자치도,A2502742,새강병원,14,20260410000448,063-289-9119,,,0,0,,0,0,,,0,,,,,,,,3,1,0,2,0,,,,3,,0,,0,,0,,,Y,,,,,,Y,N1,,,N1,Y,N1,75,N1,16,N1,Y,,5,N1,14,3,1,2,0,0,0,,,,,,,,,16,3,,0,,5,0,,0,,1,1,,1,,,,,,,,201,0,0,,0,0,,,,,,,,,,,,Y,N1,A2502742,19
2026-04-10 00:05:25,data_go_kr,전북특별자치도,A2502031,진안군의료원,6,20260410000502,063-430-7119,,,,,,,,,,,,,,,,,,,,,2,,,,,,,,,,,,,,Y,,,,,,Y,N1,,,N1,Y,N1,29,N1,,N1,Y,,2,N1,6,,,2,,,,,,,,,,,,,,,,,2,,,,,1,1,,3,,,,,,,,74,,,,,,,,,,,,,,,,,Y,N1,A2502031,20
2026-04-10 00:05:25,data_go_kr,전라남도,A2600011,목포한국병원,12,20260410000428,061-270-5666,Y,Y,,,,,,0,,,,,,,,,,3,2,,3,2,,,,0,9,,7,2,,1,Y,,Y,,2,6,Y,1,Y,Y,,,Y,Y,Y,74,Y,1,Y,Y,,6,Y,16,3,2,3,20,,,,,,,,20,,,27,1,42,,40,6,2,,2,1,3,2,3,39,1,1,12,2,4,,1,418,,,,,,1,,,,,,,,,2,6,Y,Y,A2600011,1
2026-04-10 00:05:25,data_go_kr,전라남도,A2600019,성가롤로병원,9,20260410000440,061-720-6119,N,Y,,,,,,0,,0,,,,,,,,4,2,2,3,7,,,1,0,19,,,,,5,Y,,Y,,,,Y,,Y,Y,,,Y,Y,Y,78,Y,,Y,Y,,8,Y,18,4,2,3,25,7,11,,,,,,,8,,,1,30,,,9,,,31,1,4,4,4,27,1,3,8,1,2,,3,481,,,,,,4,,,,,,,,,,,Y,N,A2600019,2
2026-04-10 00:05:25,data_go_kr,전라남도,A2600017,의료법인목포구암의료재단목포중앙병원,14,20260410000355,061-280-3119,,,,,,,,,,,,,,,,,,,2,,2,,,,,2,,,,,0,,,,Y,,,,Y,,Y,Y,,,Y,Y,N1,91,Y,11,N1,Y,,4,N1,16,,2,2,,,,,,,,,,,,16,2,,,,4,,49,,,2,1,2,10,,,1,,1,,,275,,,,,,,,,,,,,,,,,Y,N1,A2600017,3
2026-04-10 00:05:25,data_go_kr,전라남도,A2600014,여천전남병원,14,20260410000455,061-690-6118,,,,,,,,,,,,,,,,,,,1,,2,,,,,,,,,,,,,,Y,,,,Y,,Y,Y,,,Y,Y,N1,97,N1,3,N1,Y,,5,N1,17,,1,2,,,,,,,,,,,,14,,,,,5,,,,,2,2,1,6,,,1,,,,,299,,,,,,,,,,,,,,,,,Y,N1,A2600014,4
2026-04-10 00:05:25,data_go_kr,전라남도,A2600001,화순전남대학교병원,13,20260410000500,061-379-8882,,Y,1,4,,,,,,4,,,,,,,,1,,6,2,,,,,1,,,,,,5,,,Y,,,,Y,,Y,Y,,,Y,Y,Y,77,N1,,Y,Y,1,12,N1,16,1,,2,,10,12,1,,,,,,,,,2,,,,12,,,5,,5,4,2,31,,1,7,1,,,,548,1,4,,,,,,,,,,,,,,,Y,N1,A2600001,5
2026-04-10 00:05:25,data_go_kr,전라남도,A2600050,전라남도강진의료원,10,20260410000002,061-430-1109,,Y,,,,,,,,,,,,,7,,,,,,2,,,,,,,,,,,,Y,,Y,,,,,,Y,N1,,,N1,Y,N1,128,N1,,Y,Y,,3,N1,10,,,2,,,,,,,,,,,,,,,,,3,,,,1,1,1,,2,,2,,,,,,171,,,,,,,,,,,,7,,,,,Y,N1,A2600050,6
2026-04-10 00:05:25,data_go_kr,전라남도,A2600018,의료법인영성의료재단고흥종합병원,9,20260410000029,061-830-3118,Y,Y,,,,,,,,,,,,,,,,,,,,,,,,,,,,,,,Y,,Y,,,,,,Y,N1,,,N1,Y,N1,163,N1,5,Y,Y,,2,N1,10,,,,,,,,,,,,,,,12,,,,,2,,,,1,1,1,,4,1,1,,,,,,271,,,,,,,,,,,,,,,,,Y,Y,A2600018,7
2026-04-10 00:05:25,data_go_kr,전라남도,A2600068,의료법인장호의료재단녹동현대병원,3,20260409235809,061-840-1119,,,,,,,,,,,,,,,,,,,,,2,,,,,,,,,,,,,,Y,,,,,,Y,N1,,,N1,Y,N1,48,N1,,N1,Y,,2,N1,3,,,2,,,,,,,,,,,,,,,,,2,,,,,1,1,,3,,,,,,,,118,,,,,,,,,,,,,,,,,Y,N1,A2600068,8
2026-04-10 00:05:25,data_go_kr,전라남도,A2600029,곡성사랑병원,5,20260410000347,061-360-6008,,,,,,,,,,,,,,,,,,,,,1,,,,,,,,,,13,,,,Y,,,,,,Y,N1,,,N1,Y,N1,13,N1,,N1,N1,,1,N1,5,,,1,,,,,,,,,,,,,,,,,1,,45,,,1,,,1,,,,,,,,46,,,,,,,,,,,,,,,,,Y,N1,A2600029,9
2026-04-10 00:05:25,data_go_kr,전라남도,A2600006,광양사랑병원,7,20260410000156,061-797-7119,,,,,,,,,,,,,,,,,,,,,1,,,,,,,,,,,,,,Y,,,,,,Y,N1,,,Y,Y,N1,55,N1,6,N1,Y,,2,N1,9,,,1,,,,,,,,,,,,10,,,,,2,,,,,1,1,,5,,,1,,,,,149,,,,,,,,,,,,,,,,,Y,N1,A2600006,10
2026-04-10 00:05:25,data_go_kr,전라남도,A2600024,의료법인현경의료재단광양서울병원,9,20260410000506,061-798-9819,,,,,,,,,,,,,,,,,,,,,1,,,,,,,,,,,,,,Y,,,,,,Y,N1,,,Y,Y,N1,76,N1,,N1,Y,,3,N1,9,,,1,,,,,,,,,,,,,,,,,3,,,,,1,1,,3,,,1,,,,,210,,,,,,,,,,,,,,,,,Y,N1,A2600024,11
2026-04-10 00:05:25,data_go_kr,전라남도,A2600061,구례병원,10,20260410000144,061-780-3200,,,,,,,,,,,,,,,,,,,,,0,,,,,,,,,,,,,,Y,,,,,,Y,N1,,,N1,Y,N1,29,N1,,N1,N1,,1,N1,10,,,0,,,,,,,,,,,,,,,,,1,,,,,1,,,1,,,,,,,,97,,,,,,,,,,,,,,,,,Y,N1,A2600061,12
2026-04-10 00:05:25,data_go_kr,전라남도,A2600016,나주종합병원,6,20260410000526,061-330-6112,,,,,,,,,,,,,,,,,,,,,,,,,,,,,,,,,,,Y,,,,,,Y,N1,,,N1,Y,N1,56,N1,,N1,Y,,3,N1,10,,,,,,,,,,,,,,,,,,,,3,,,,,1,1,,2,,,,,,,,178,,,,,,,,,,,,,,,,,Y,N1,A2600016,13
2026-04-10 00:05:25,data_go_kr,전라남도,A2602211,빛가람종합병원,9,20260410000439,061-820-0909,,,,,,,,,,,,,,,,,,,,,1,,,,,,,,,,,,,,Y,,,,,,Y,N1,,,N1,Y,N1,0,N1,,N1,Y,,4,N1,9,,,1,,,,,,,,,,,,,,,,,4,,,,,1,1,,2,,,,,,,,192,,,,,,,,,,,,,,,,,Y,N1,A2602211,14
2026-04-10 00:05:25,data_go_kr,전라남도,A2600054,담양사랑병원,6,20260410000439,061-380-9119,,,,,,,,,,,,,,,,,,,,,2,,,,,,,,,,,,,,Y,,,,,,Y,N1,,,N1,Y,N1,43,N1,,N1,N1,,2,N1,6,,,2,,,,,,,,,,,,,,,,,2,,,,,1,,,1,,,,,,,,86,,,,,,,,,,,,,,,,,Y,N1,A2600054,15
2026-04-10 00:05:25,data_go_kr,전라남도,A2600007,의료법인해민의료재단 세안종합병원,5,20260410000358,061-260-6666,,,,,,,,,,,,,,,,,,,,,2,,,,,0,,,,,34,,,,Y,,,,,,Y,N1,,,Y,Y,N1,59,N1,3,N1,Y,,2,N1,7,,,2,,,,,,,,,,,,17,2,,,,2,,208,,,1,1,,7,,,1,,,,,149,,,,,,,,,,,,,,,,,Y,N1,A2600007,16
2026-04-10 00:05:25,data_go_kr,전라남도,A2600020,목포기독병원,17,20260410000416,061-280-7119,,,,,,,,,,,,,,,,,2,,,,1,,,,,3,,,,,,,,,Y,,,,,,Y,N1,,,Y,Y,N1,51,N1,12,N1,Y,,4,N1,17,,,1,,,,,,,,,,,,14,3,,,,4,,,,,1,2,,9,,,1,,,,,340,,,,,,,,,,,,,,2,,,Y,N1,A2600020,17
2026-04-10 00:05:25,data_go_kr,전라남도,A2600022,목포시의료원,8,20260410000002,061-260-6400,,,,,,,,,,,,,,,,,,,,,1,,,,,,,,,,0,,,,Y,,,,,,Y,N1,,,N1,Y,N1,60,N1,,N1,Y,,3,N1,9,,,1,,,,,,,,,,,,,,,,,3,,45,,,1,1,,1,,,,,,,,254,,,,,,,,,,,,,,,,,Y,N1,A2600022,18
2026-04-10 00:05:25,data_go_kr,전라남도,A2600003,대송의료재단무안병원,4,20260410000137,061-450-3119,,,,,,,,,,,,,,,,,,,,,1,,,,,,,,,,14,,,,Y,,,,,,Y,N1,,,Y,Y,N1,58,N1,6,N1,Y,,2,N1,4,,,1,,,,,,,,,,,,13,,,,,2,,105,,,1,1,,1,,,1,,,,,171,,,,,,,,,,,,,,,,,Y,N1,A2600003,19
2026-04-10 00:05:25,data_go_kr,전라남도,A2600052,보성아산병원,8,20260410000500,061-850-3119,,,,,,,,,,,,,,,,,,,,,1,,,,,,,,,,,,,,Y,,,,,,Y,N1,,,N1,Y,N1,40,N1,,N1,N1,,2,N1,8,,,1,,,,,,,,,,,,,,,,,2,,,,,1,,,2,,,,,,,,100,,,,,,,,,,,,,,,,,Y,N1,A2600052,20
2026-04-10 00:05:25,data_go_kr,전라남도,A2600066,의료법인삼호의료재단벌교삼호병원,6,20260410000115,061-859-5119,,,,,,,,,,,,,,,,,,,,,1,,,,,,,,,,68,,,,Y,,,,,,Y,N1,,,N1,Y,N1,32,N1,,N1,N1,,1,N1,6,,,1,,,,,,,,,,,,,,,,,1,,261,,,1,,,1,,,,,,,,80,,,,,,,,,,,,,,,,,Y,N1,A2600066,21
2026-04-10 00:05:25,data_go_kr,전라남도,A2600008,순천제일병원,8,20260410000455,061-720-3800,,,,,,,,,,,,,,,,,,,,,1,,,,,,,,,,,,,,Y,,,,,,Y,N1,,,N1,Y,N1,-7,N1,,N1,Y,,2,N1,9,,,1,,,,,,,,,,,,,,,,,2,,,,,1,1,,1,,,,,,,,200,,,,,,,,,,,,,,,,,Y,N1,A2600008,22
2026-04-10 00:05:25,data_go_kr,전라남도,A2600056,전라남도순천의료원,6,20260410000501,061-759-9119,,,,,,,,,,,,,,,,,,,1,,1,,,,,,,,,,14,9,,,Y,,,,,,Y,N1,,,N1,Y,N1,12,N1,3,N1,Y,,3,N1,6,,1,1,,,,,,,,,,,,7,,,,,3,,80,15,,1,1,,13,,,,,,,,164,,,,,,,,,,,,,,,,,Y,N1,A2600056,23
2026-04-10 00:05:25,data_go_kr,전라남도,A2600005,의료법인한국의료재단한국병원,9,20260410000441,061-740-5119,,,,,,,,,,,,,,,,,,,,,1,,,,,,,,,,,,,,Y,,,,,,Y,N1,,,N1,Y,N1,63,N1,9,N1,Y,,3,N1,11,,,1,,,,,,,,,,,,9,,,,,3,,,,,1,1,,4,,,,,,,,229,,,,,,,,,,,,,,,,,Y,N1,A2600005,24
2026-04-10 00:05:25,data_go_kr,전라남도,A2600004,순천중앙병원,5,20260410000443,061-749-5119,,,,,,,,,,,,,,,,,,,,,1,,,,,,,,,,,,,,Y,,,,,,Y,N1,,,N1,Y,N1,35,N1,,N1,Y,,2,N1,5,,,1,,,,,,,,,,,,,,,,,2,,,,,1,1,,1,,,,,,,,200,,,,,,,,,,,,,,,,,Y,N1,A2600004,25
2026-04-10 00:05:25,data_go_kr,전라남도,A2600051,의료법인신안대우병원,4,20260410000431,061-262-3309,,,,,,,,,,,,,,,,,,,,,1,,,,,,,,,,,,,,Y,,,,,,Y,N1,,,N1,Y,N1,26,N1,,N1,N1,,,N1,4,,,1,,,,,,,,,,,,,,,,,,,,,,1,,,1,,,,,,,,30,,,,,,,,,,,,,,,,,Y,N1,A2600051,26
2026-04-10 00:05:25,data_go_kr,전라남도,A2600027,의료법인한마음의료재단여수제일병원,4,20260410000441,061-689-8119,,Y,,,,,,,,,,,,,,,,,,,1,,,,,1,,,,,,,Y,,Y,,,,,,Y,N1,,,Y,Y,Y,40,N1,8,Y,Y,,6,N1,9,,,1,,,,,,,,,,,,13,1,,,,6,,,,1,2,2,,5,,3,2,1,,,,365,,,,,,,,,,,,,,,,,Y,N1,A2600027,27
2026-04-10 00:05:25,data_go_kr,전라남도,A2600010,여수전남병원,5,20260410000529,061-640-7118,,,,,,,,,,,,,,,,,,,,,1,,,,,,,,,,,,,,Y,,,,,,Y,N1,,,Y,Y,N1,46,N1,2,N1,Y,,4,N1,10,,,1,,,,,,,,,,,,11,,,,,4,,,,,2,1,,8,,,1,,,,,272,,,,,,,,,,,,,,,,,Y,N1,A2600010,28
2026-04-10 00:05:25,data_go_kr,전라남도,A2600034,의료법인 거명의료재단 영광기독병원,8,20260410000132,061-350-3080,,,,,,,,,,,,,,,,,,,,,1,,,,,,,,,,,,,,Y,,,,,,Y,N1,,,N1,Y,N1,31,N1,-1,N1,Y,,2,N1,10,,,1,,,,,,,,,,,,11,,,,,2,,,,,1,1,,3,,,,,,,,195,,,,,,,,,,,,,,,,,Y,N1,A2600034,29
2026-04-10 00:05:25,data_go_kr,전라남도,A2600015,영광종합병원,10,20260410000517,061-350-8129,,Y,,,,,,,,,,,,,,,2,,,,1,,,,,,,,,,,,Y,,Y,,,,,,Y,N1,,,N1,Y,N1,78,N1,0,Y,Y,,3,N1,10,,,1,,,,,,,,,,,,7,,,,,3,,,,1,1,1,,4,,1,,,,,,283,,,,,,,,,,,,,,2,,,Y,N1,A2600015,30
2026-04-10 00:05:25,data_go_kr,전라남도,A2600070,영암한국병원,8,20260410000242,061-470-7118,,,,,,,,,,,,,,,,,,,,,0,,,,,,,,,,36,,,,Y,,,,,,Y,N1,,,N1,Y,N1,26,N1,,N1,N1,,2,N1,8,,,1,,,,,,,,,,,,,,,,,2,,172,,,1,,,1,,,,,,,,126,,,,,,,,,,,,,,,,,Y,N1,A2600070,31
2026-04-10 00:05:25,data_go_kr,전라남도,A2600032,완도대성병원,5,20260410000501,061-554-9500,,,,,,,,,,,,,,,,,,,,,1,,,,,,,,,,,,,,Y,,,,,,Y,N1,,,N1,Y,N1,36,N1,,N1,N1,,1,N1,5,,,1,,,,,,,,,,,,,,,,,1,,,,,1,,,1,,,,,,,,98,,,,,,,,,,,,,,,,,Y,N1,A2600032,32
2026-04-10 00:05:25,data_go_kr,전라남도,A2600035,의료법인행복나눔의료재단장성병원,4,20260410000232,061-390-9119,,,,,,,,,,,,,,,,,,,,,1,,,,,,,,,,,,,,Y,,,,,,Y,N1,,,N1,Y,N1,37,N1,,N1,N1,,,N1,4,,,1,,,,,,,,,,,,,,,,,1,,16,,,1,,,,,,,,,,,105,,,,,,,,,,,,,,,,,N1,N1,A2600035,33
2026-04-10 00:05:25,data_go_kr,전라남도,A2600021,의료법인우범의료재단장흥종합병원,8,20260410000448,061-860-1119,,,,,,,,,,,,,,,,,,,,,1,,,,,,,,,,,,,,Y,,,,,,Y,N1,,,N1,Y,N1,19,N1,,N1,Y,,2,N1,9,,,1,,,,,,,,,,,,,,,,,2,,,,,1,1,,1,,,,,,,,182,,,,,,,,,,,,,,,,,Y,N1,A2600021,34
2026-04-10 00:05:25,data_go_kr,전라남도,A2600037,장흥우리병원,4,20260410000109,061-860-0119,,,,,,,,,,,,,,,,,,,,,1,,,,,,,,,,,,,,Y,,,,,,Y,N1,,,N1,Y,N1,61,N1,4,N1,Y,,2,N1,4,,,1,,,,,,,,,,,,5,,,,,2,,,,,1,1,,1,,,,,,,,140,,,,,,,,,,,,,,,,,Y,N1,A2600037,35
2026-04-10 00:05:25,data_go_kr,전라남도,A2600040,진도한국병원,4,20260410000528,061-544-2310,,,,,,,,,,,,,,,,,,,,,1,,,,,,,,,,,,,,,,,,,,Y,N1,,,N1,N1,N1,31,N1,,N1,N1,,,N1,4,,,1,,,,,,,,,,,,,,,,,,,,,,,,,,,,,,,,,40,,,,,,,,,,,,,,,,,N1,N1,A2600040,36
2026-04-10 00:05:25,data_go_kr,전라남도,A2600077,해남우리종합병원,14,20260410000456,061-530-7119,,,,,,,,,,,,,,,,5,,,,,4,,,,,2,,,,,60,,,,Y,,,,,,Y,N1,,,N1,Y,N1,46,N1,7,N1,Y,,2,N1,15,,,4,,,,,,,,,,,,23,2,,,,2,,60,,,2,1,,9,,,,,,,,342,,,,,,,,,,,,,24,,,,Y,N1,A2600077,37
2026-04-10 00:05:25,data_go_kr,전라남도,A2600009,의료법인행촌의료재단해남종합병원,10,20260410000509,061-530-0119,,,,,,,,,,,,,,,,18,,,,,1,,,,,,,,,,,,Y,,Y,,,,,,Y,N1,,,N1,Y,N1,95,N1,5,N1,Y,,3,N1,10,,,1,,,,,,,,,,,,18,,,,,3,,,,1,1,1,,1,,,,,,,,351,,,,,,,,,,,,,18,,,,Y,N1,A2600009,38
2026-04-10 00:05:25,data_go_kr,경상북도,A2700007,차의과학대학교부속구미차병원,10,20260410000505,054-450-9998,Y,Y,,,,,0,,,,,,,,,,,4,3,,3,0,,,,,4,,,,,,Y,Y,Y,,,,Y,,Y,Y,,,Y,Y,Y,29,Y,1,Y,Y,4,8,N1,20,5,3,3,25,,,8,,,,,,,,18,,30,,,8,,,,3,3,2,2,21,3,13,2,1,2,1,,301,,,,,3,,,,,,,,,,,,Y,Y,A2700007,1
2026-04-10 00:05:25,data_go_kr,경상북도,A2700014,의료법인안동병원,5,20260410000400,054-840-0119,Y,Y,2,3,,,1,,,-1,,,,,,,,0,,,,1,,,,3,5,,0,2,0,5,Y,Y,Y,,1,6,Y,3,Y,Y,,,Y,Y,Y,101,Y,13,Y,Y,10,11,Y,15,3,,,19,20,,10,,,,,20,,,13,3,30,,40,11,2,34,6,3,6,3,5,67,3,11,14,4,13,1,1,775,2,3,,,1,,,,,,,,,,2,6,Y,Y,A2700014,2
2026-04-10 00:05:25,data_go_kr,경상북도,A2700016,포항성모병원,8,20260410000207,054-260-8600,Y,Y,2,3,,,,2,1,,,,,,,,,11,,,,4,,,,1,1,,,,,1,Y,,Y,,,,Y,,Y,Y,,,Y,Y,Y,43,Y,2,Y,Y,,9,Y,20,11,,,15,,,,,,,,,,,16,1,17,,,9,,,1,1,3,2,2,25,1,6,4,1,2,,3,447,2,3,,,,5,13,,,,,,,,,,Y,Y,A2700016,3
2026-04-10 00:05:25,data_go_kr,경상북도,A2700003,동국대학교의과대학경주병원,14,20260410000533,054-770-8306,Y,Y,,,,,,,,2,,,,,,,,2,2,4,5,,,,,4,,,,,6,3,Y,,Y,,,,Y,,Y,Y,,,Y,Y,N1,85,N1,1,Y,Y,,7,N1,16,3,2,5,,11,17,,,,,,,,,7,4,,,,7,,17,3,1,2,2,2,26,2,6,2,,,,,278,,,,,,,,,,,,,,,,,Y,Y,A2700003,4
2026-04-10 00:05:25,data_go_kr,경상북도,A2700013,순천향대학교부속구미병원,12,20260410000120,054-468-9119,,Y,,,,,,,,,,,,,,,,4,1,,2,,,,,2,,,,,,1,Y,,Y,,,,Y,,Y,Y,,,Y,Y,N1,57,N1,10,Y,Y,,6,N1,13,4,1,2,,,,,,,,,,,,33,2,,,,6,,,1,1,2,2,2,21,,1,2,,,,,266,,,,,,,,,,,,,,,,,Y,N1,A2700013,5
2026-04-10 00:05:25,data_go_kr,경상북도,A2700012,의료법인덕산의료재단김천제일병원,13,20260410000357,054-420-9500,,,,,,,,,,,,,,,,,,,1,,3,,,,,,,,,,,,Y,,Y,,,,Y,,Y,Y,,,N1,Y,N1,85,N1,7,N1,Y,,4,N1,16,,1,3,,,,,,,,,,,,18,,,,,4,,,,3,1,1,1,10,,,,,,,,279,,,,,,,,,,,,,,,,,Y,N1,A2700012,6
2026-04-10 00:05:25,data_go_kr,경상북도,A2700006,의료법인동춘의료재단문경제일병원,17,20260410000500,054-550-7777,,,,,,,,,,,,,,,,,,,1,,0,,,,,1,,,,,53,4,,,Y,,,,,,Y,N1,,,N1,Y,N1,97,N1,15,N1,Y,,3,N1,17,,1,2,,,,,,,,,,,,31,1,,,,3,,162,4,,2,1,,8,,,,,,,,309,,,,,,,,,,,,,,,,,Y,N1,A2700006,7
2026-04-10 00:05:25,data_go_kr,경상북도,A2700004,안동성소병원,12,20260410000519,054-850-8282,,Y,,,,,,,,,,,,,,,5,,1,,2,,,,,3,,,,,24,0,Y,,Y,,,,Y,,Y,Y,,,Y,Y,N1,108,N1,3,Y,Y,,6,N1,12,,1,2,,,,,,,,,,,,18,3,,,,6,,186,2,1,2,2,2,21,,4,1,,,,,396,,,,,,,,,,,,,,5,,,Y,N1,A2700004,8
2026-04-10 00:05:25,data_go_kr,경상북도,A2700002,포항세명기독병원,13,20260410000229,054-289-1711,,,,,,,,,,,,,,,,,6,,1,,3,,,,,0,,,,,,4,,,Y,,,,Y,,Y,Y,,,Y,Y,Y,63,Y,3,N1,Y,,14,Y,15,,1,3,,,,,,,,,,,,54,1,,,,14,,,6,,6,5,4,25,,,5,1,1,,1,665,,,,,,,,,,,,,,6,,,Y,N1,A2700002,9
2026-04-10 00:05:25,data_go_kr,경상북도,A2700019,의)근원의료재단경산중앙병원,9,20260410000505,053-715-0119,,,,,,,,,,,,,,,,,,,,,2,,,,,1,,,,,36,,,,Y,,,,,,Y,N1,,,N1,Y,N1,95,N1,1,N1,Y,,4,N1,10,,,2,,,,,,,,,,,,11,2,,,,4,,116,,,1,1,,9,,,,,,,,303,,,,,,,,,,,,,,,,,Y,N1,A2700019,10
2026-04-10 00:05:25,data_go_kr,경상북도,A2700036,의료법인서명의료재단세명종합병원,12,20260410000258,053-819-8500,,,,,,,,,,,,,,,,,,,,,2,,,,,,,,,,1,,,,Y,,,,,,Y,N1,,,N1,Y,N1,41,N1,0,N1,Y,,4,N1,13,,,2,,,,,,,,,,,,14,,,,,4,,22,,,1,1,,6,,,,,,,,264,,,,,,,,,,,,,,,,,Y,N1,A2700036,11
2026-04-10 00:05:25,data_go_kr,경상북도,A2700097,계명대학교경주동산병원,8,20260410000354,054-770-9420,,,,,,,,,,,,,,,,,,,,,1,,,,,,,,,,,,,,Y,,,,,,Y,N1,,,N1,Y,N1,48,N1,,N1,Y,,2,N1,9,,,1,,,,,,,,,,,,,,,,,2,,,,,1,1,,1,,,,,,,,88,,,,,,,,,,,,,,,,,Y,N1,A2700097,12
2026-04-10 00:05:25,data_go_kr,경상북도,A2700070,의료법인영암의료재단고령영생병원,5,20260410000444,070-4700-0728,,,,,,,,,,,,,,,,,,,,,1,,,,,,,,,,,,,,Y,,,,,,Y,N1,,,N1,Y,N1,30,N1,,N1,N1,,1,N1,5,,,1,,,,,,,,,,,,,,,,,1,,,,,1,,,1,,,,,,,,59,,,,,,,,,,,,,,,,,Y,N1,A2700070,13
2026-04-10 00:05:25,data_go_kr,경상북도,A2700015,구미강동병원,7,20260410000449,054-478-9521,,,,,,,,,,,,,,,,9,,,1,,2,,,,,,,,,,,,,,Y,,,,Y,,Y,Y,,,N1,Y,N1,57,N1,5,N1,Y,,5,N1,7,,1,2,,,,,,,,,,,,12,,,,,5,,,,,1,1,1,3,,,,,,,,191,,,,,,,,,,,,,9,,,,Y,N1,A2700015,14
2026-04-10 00:05:25,data_go_kr,경상북도,A2700018,경상북도김천의료원,15,20260410000502,054-429-8234,,,,,,,,,,,,,,,,,,,1,,,,,,,3,,,,,,,,,Y,,,,,,Y,N1,,,N1,Y,N1,26,N1,8,N1,Y,,5,N1,17,,1,,,,,,,,,,,,,22,3,,,,5,,,,,1,2,,7,,,,,,,,274,,,,,,,,,,,,,,,,,Y,N1,A2700018,15
2026-04-10 00:05:25,data_go_kr,경상북도,A2700009,의료법인삼백의료재단상주성모병원,9,20260410000514,054-530-7811,,,,,,,,,,,,,,,,,,,,,1,,,,,,,,,,,,,,Y,,,,,,Y,N1,,,N1,Y,N1,46,N1,1,N1,Y,,3,N1,9,,,1,,,,,,,,,,,,10,,,,,3,,,,,1,1,,1,,,,,,,,172,,,,,,,,,,,,,,,,,Y,N1,A2700009,16
2026-04-10 00:05:25,data_go_kr,경상북도,A2700011,상주적십자병원,9,20260410000354,054-530-3171,,Y,,,,,,,,,,,,,,,,,1,,,,,,,,,,,,,,Y,,Y,,,,,,Y,N1,,,Y,Y,N1,63,N1,4,Y,Y,,3,N1,9,,1,,,,,,,,,,,,,10,,,,,3,,,,1,1,1,,7,,2,1,,,,,164,,,,,,,,,,,,,,,,,Y,N1,A2700011,17
2026-04-10 00:05:25,data_go_kr,경상북도,A2700001,경상북도안동의료원,6,20260410000502,054-850-6100,,,,,,,,,,,,,,,,,,,,,2,,,,,,,,,,,,,,Y,,,,,,Y,N1,,,N1,Y,N1,94,N1,2,N1,Y,,5,N1,6,,,2,,,,,,,,,,,,10,,,,,5,,,,,1,1,,8,,,,,,,,238,,,,,,,,,,,,,,,,,Y,N1,A2700001,18
2026-04-10 00:05:25,data_go_kr,경상북도,A2700031,영주기독병원,4,20260410000220,054-635-3050,,Y,,,,,,,,,,,,,,,,,,,1,,,,,,,,,,,,Y,,Y,,,,,,Y,N1,,,N1,Y,N1,10,N1,,Y,N1,,1,N1,4,,,1,,,,,,,,,,,,,,,,,1,,,,1,1,,,1,,2,,,,,,70,,,,,,,,,,,,,,,,,Y,N1,A2700031,19
2026-04-10 00:05:25,data_go_kr,경상북도,A2700020,영주자인병원,4,20260410000445,070-7335-5229,,,,,,,,,,,,,,,,,,,,,1,,,,,,,,,,,,,,Y,,,,,,Y,N1,,,N1,Y,N1,29,N1,,N1,Y,,,N1,4,,,1,,,,,,,,,,,,,,,,,2,,,,,1,1,,,,,,,,,,133,,,,,,,,,,,,,,,,,N1,N1,A2700020,20
2026-04-10 00:05:25,data_go_kr,경상북도,A2702752,영주적십자병원,10,20260410000515,054-630-0112,,,,,,,,,,,,,,,,,,,1,,,,,,,,,,,,,,,,Y,,,,,,Y,N1,,,Y,Y,N1,50,N1,5,N1,Y,,3,N1,10,,1,,,,,,,,,,,,,10,,,,,3,,,,,1,1,,4,,,1,,,,,140,,,,,,,,,,,,,,,,,Y,N1,A2702752,21
2026-04-10 00:05:25,data_go_kr,경상북도,A2700017,영남대학교의과대학부속영천병원,10,20260410000138,054-330-7575,,,,,,,,,,,,,,,,,,,1,,2,,,,,,,,,,,,,,Y,,,,,,Y,N1,,,N1,Y,N1,50,N1,3,N1,Y,,4,N1,10,,1,2,,,,,,,,,,,,10,,,,,4,,,,,1,1,,1,,,,,,,,190,,,,,,,,,,,,,,,,,Y,N1,A2700017,22
2026-04-10 00:05:25,data_go_kr,경상북도,A2700023,의료법인서준의료재단예천권병원,6,20260410000025,054-650-2119,,Y,,,,,,,,,,,,,,,,,1,,0,,,,,,,,,,,0,Y,,Y,,,,,,Y,N1,,,N1,Y,N1,93,N1,,Y,Y,,2,N1,6,,1,0,,,,,,,,,,,,,,,,,2,,,0,1,1,1,,3,,2,,,,,,173,,,,,,,,,,,,,,,,,Y,N1,A2700023,23
2026-04-10 00:05:25,data_go_kr,경상북도,E2700553,울릉군보건의료원,5,20260410000501,054-790-6911,,,,,,,,,,,,,,,,,,,,,,,,,,,,,,,,,,,Y,,,,,,Y,N1,,,N1,Y,N1,26,N1,,N1,N1,,1,N1,5,,,,,,,,,,,,,,,,,,,,1,,,,,1,,,1,,,,,,,,27,,,,,,,,,,,,,,,,,Y,N1,E2700553,24
2026-04-10 00:05:25,data_go_kr,경상북도,A2700052,울진군의료원,8,20260410000102,054-785-7119,,,,,,,,,,,,,,,,,,,2,,,,,,,,,,,,,2,,,Y,,,,,,Y,N1,,,N1,Y,N1,30,N1,,N1,Y,,3,N1,8,,2,,,,,,,,,,,,,,,,,,3,,,2,,1,1,,1,,,,,,,,91,,,,,,,,,,,,,,,,,Y,N1,A2700052,25
2026-04-10 00:05:25,data_go_kr,경상북도,A2700063,의료법인영제의료재단영남제일병원,4,20260409234500,054-861-9111,,,,,,,,,,,,,,,,,,,,,1,,,,,,,,,,,,,,Y,,,,,,Y,N1,,,N1,Y,N1,27,N1,,N1,N1,,1,N1,,,,,,,,,,,,,,,,,,,,,,,,,,,,,,,,,,,,,,,,,,,,,,,,,,,,,,Y,N1,A2700063,26
2026-04-10 00:05:25,data_go_kr,경상북도,A2700038,의료법인대남의료재단청도대남병원,10,20260410000356,054-370-5112,,,,,,,,,,,,,,,,,,,,,,,,,,,,,,,,,,,Y,,,,,,Y,N1,,,N1,Y,N1,71,N1,,N1,Y,,1,N1,10,,,,,,,,,,,,,,,,,,,,1,,,,,1,1,,1,,,,,,,,115,,,,,,,,,,,,,,,,,Y,N1,A2700038,27
2026-04-10 00:05:25,data_go_kr,경상북도,E2700554,청송군보건의료원,5,20260410000500,054-870-7119,,,,,,,,,,,,,,,,,,,,,1,,,,,,,,,,,,,,,,,,,,Y,N1,,,N1,N1,N1,52,N1,,N1,N1,,,N1,5,,,1,,,,,,,,,,,,,,,,,,,,,,,,,1,,,,,,,,45,,,,,,,,,,,,,,,,,Y,N1,E2700554,28
2026-04-10 00:05:25,data_go_kr,경상북도,A2700008,에스포항병원,6,20260410000504,054-289-9120,Y,,,,,,,,,,,,,,,,,,,,1,,,,,1,,,,,,,,,Y,,,,Y,,Y,Y,,,Y,Y,N1,27,N1,1,N1,Y,,4,N1,6,,,1,,,,,,,,,,,,14,1,,,,4,,,,,2,2,3,9,9,,1,,,,,239,,,,,,,,,,,,,,,,,Y,Y,A2700008,29
2026-04-10 00:05:25,data_go_kr,경상북도,A2702563,의료법인은성의료재단좋은선린병원,7,20260410000506,054-245-5200,,,,,,,,,,,,,,,,2,,,,,2,,,,,1,,,,,,,,,Y,,,,N,,Y,N,,,N1,Y,N1,86,N1,1,N1,Y,,4,N,10,,,2,,,,,,,,,,,,17,1,,,,4,,,,,1,1,2,7,,,,,,,14,281,,,,,,,,,,,,,2,,,,N,N1,A2702563,30
2026-04-10 00:05:25,data_go_kr,경상북도,A2700005,경상북도포항의료원,8,20260410000502,054-245-0129,,,,,,,,,,,,,,,,,,,1,,1,,,,,1,,,,,35,7,,,Y,,,,,,Y,N1,,,N1,Y,N1,27,N1,6,N1,Y,,3,N1,8,,1,1,,,,,,,,,,,,19,1,,,,3,,86,7,,1,1,,4,,,,,,,,142,,,,,,,,,,,,,,,,,Y,N1,A2700005,31
2026-04-10 00:05:25,data_go_kr,경상남도,A2800011,양산부산대학교병원,17,20260410000327,055-360-1463,Y,Y,2,2,1,0,0,0,,5,,0,0,,4,,,5,,4,1,0,9,1,,0,9,3,,,22,4,Y,,Y,0,,,Y,,Y,Y,,5,Y,Y,Y,216,Y,,Y,Y,21,25,N1,23,8,,1,16,16,11,38,11,2,,9,,,10,,0,30,6,,25,,33,4,4,6,5,6,92,24,23,19,12,2,,,771,2,3,1,1,2,2,,,0,0,,4,,,,,Y,Y,A2800011,1
2026-04-10 00:05:25,data_go_kr,경상남도,A2800001,경상국립대학교병원,28,20260410000301,055-750-8282,Y,Y,,,,,,1,,0,,,,,,,,3,2,1,3,2,,,3,0,1,,19,2,3,5,Y,,Y,,2,6,Y,15,Y,Y,,,Y,Y,Y,186,Y,,Y,Y,10,15,N1,34,3,2,3,14,8,9,15,,,,,20,6,,,3,30,,40,15,2,23,7,7,3,2,2,12,9,23,5,2,14,,,655,,,,,,6,,,,,,,,,2,6,Y,Y,A2800001,2
2026-04-10 00:05:25,data_go_kr,경상남도,A2800020,학교법인성균관대학삼성창원병원,15,20260410000451,055-233-6119,Y,Y,,,,,,0,,2,,,,,,,,3,2,2,3,11,,,,2,16,,,,,0,Y,,Y,,,,Y,,Y,Y,,,Y,Y,Y,163,Y,,Y,Y,2,15,N1,18,3,2,3,19,15,20,12,,,,,,,,,3,30,,,15,,,5,7,4,3,4,45,8,20,5,3,3,,,645,,,,,,1,,,,,,,,,,,Y,Y,A2800020,3
2026-04-10 00:05:25,data_go_kr,경상남도,A2800010,의료법인환명의료재단 조은금강병원,13,20260410000053,055-330-0200,,,,,,,,,,,,,,,,,,,1,,2,,,,,1,,,,,2,,,,Y,,,,Y,,Y,Y,,,N1,Y,N1,64,N1,10,N1,Y,,4,Y,17,,1,2,,,,,,,,,,,,23,1,,,,4,,96,,,1,2,1,7,,,,,,,2,305,,,,,,,,,,,,,,,,,Y,N1,A2800010,4
2026-04-10 00:05:25,data_go_kr,경상남도,A2800006,의료법인숭인의료재단 김해복음병원,13,20260410000402,055-330-8844,,,,,,,,,,,,,,,,,,,1,,3,,,,,1,,,,,,,,,Y,,,,,,Y,N1,,,N1,Y,N1,11,N1,1,N1,Y,,5,N1,16,,1,3,,,,,,,,,,,,18,1,,,,5,,,,,2,2,,3,,,,,,,,359,,,,,,,,,,,,,,,,,Y,N1,A2800006,5
2026-04-10 00:05:25,data_go_kr,경상남도,A2800043,한일병원,15,20260410000208,055-750-1333,,,,,,,,,,,,,,,,,,,1,,2,,,,,1,,,,,,,,,Y,,,,Y,,Y,Y,,,Y,Y,N1,18,N1,5,N1,Y,,4,Y,17,,1,2,,,,,,,,,,,,15,1,,,,4,,,,,2,2,1,6,,,1,,,,1,282,,,,,,,,,,,,,,,,,Y,N1,A2800043,6
2026-04-10 00:05:25,data_go_kr,경상남도,A2800003,제일병원,12,20260410000401,055-750-7119,,,,,,,,,,,,,,,,,,,1,,2,,,,,,,,,,,,,Y,Y,,,,Y,,Y,Y,,,N1,Y,N1,38,N1,4,N1,Y,,-4,Y,17,,1,2,,,,,,,,,,,,9,,,,,7,,,,,2,2,1,4,,,,,,1,1,258,,,,,,,,,,,,,,,,,Y,N1,A2800003,7
2026-04-10 00:05:25,data_go_kr,경상남도,A2800017,의료법인합포의료재단에스엠지연세병원,15,20260410000506,055-240-7777,,,,,,,,,,,,,,,,,,,1,,2,,,,,0,,,,,,,,,Y,,,,Y,,Y,Y,,,Y,Y,N1,46,N1,0,N1,Y,,4,N1,17,,1,2,,,,,,,,,,,,11,1,,,,4,,,,,1,2,1,7,,,1,,,,,286,,,,,,,,,,,,,,,,,Y,N1,A2800017,8
2026-04-10 00:05:25,data_go_kr,경상남도,A2803505,창원경상국립대학교병원,12,20260410000303,055-214-1339,Y,Y,,,,,,,,,,,,5,0,,,,1,,2,,,,,1,,,,,9,6,Y,,Y,,,,Y,,Y,Y,,,Y,Y,Y,149,Y,21,Y,Y,2,13,N1,18,,1,2,,,,17,,,,,,,,34,2,,,,13,,22,6,9,3,2,5,52,9,22,6,7,14,,,437,,,,,,,,,,,5,0,,,,,Y,Y,A2803505,9
2026-04-10 00:05:25,data_go_kr,경상남도,A2800007,창원한마음병원,17,20260410000310,055-225-0350,Y,Y,,,,,,,,3,,,,,,,,,1,11,3,,,,,1,,,,,,0,Y,,Y,,,,Y,,Y,Y,,,Y,Y,Y,8,Y,,Y,Y,10,13,Y,21,,1,3,,25,37,10,,,,,,,,,1,,,,13,,,6,2,4,4,4,29,3,11,6,1,2,,2,688,,,,,,,,,,,,,,,,,Y,Y,A2800007,10
2026-04-10 00:05:25,data_go_kr,경상남도,A2800004,창원파티마병원,13,20260410000509,055-270-1119,Y,Y,,,,,,,,3,,,,,,,,,1,4,2,,,,,0,,,,,,6,Y,Y,Y,,,,Y,,Y,Y,,,Y,Y,N1,90,Y,,Y,Y,2,7,N1,17,,1,2,,13,14,2,,,,,,,,,2,,,,7,,,6,2,4,3,3,15,3,6,3,,1,1,,447,,,,,,,,,,,,,,,,,Y,Y,A2800004,11
2026-04-10 00:05:25,data_go_kr,경상남도,A2800008,의료법인 거붕 백병원,7,20260410000528,055-733-0180,,,,,,,,,,,,,,,,,,,,,1,,,,,,,,,,,,,,Y,,,,,,Y,N1,,,N1,Y,N1,38,N1,9,N1,Y,,4,N1,9,,,1,,,,,,,,,,,,20,,,,,4,,,,,2,2,,12,,,,,,,,365,,,,,,,,,,,,,,,,,Y,N1,A2800008,12
2026-04-10 00:05:25,data_go_kr,경상남도,A2800005,의료법인 대우의료재단대우병원,7,20260410000318,055-680-8119,,,,,,,,,,,,,,,,,,,,,1,,,,,,,,,,,,,,Y,,,,,,Y,N1,,,N1,Y,N1,54,N1,4,N1,Y,,4,N1,9,,,1,,,,,,,,,,,,10,,,,,4,,,,,2,1,,5,,,,,,,,231,,,,,,,,,,,,,,,,,Y,N1,A2800005,13
2026-04-10 00:05:25,data_go_kr,경상남도,A2800022,의료법인 성념의료재단맑은샘병원,7,20260410000403,055-736-0119,,,,,,,,,,,,,,,,,,,,,1,,,,,,,,,,,,,,Y,,,,,,Y,N1,,,N1,Y,N1,9,N1,,N1,Y,,2,N1,9,,,1,,,,,,,,,,,,,,,,,2,,,,,1,1,,4,,,,,,,,200,,,,,,,,,,,,,,,,,Y,N1,A2800022,14
2026-04-10 00:05:25,data_go_kr,경상남도,A2800076,거창적십자병원,9,20260410000352,055-949-3359,,Y,,,,,,,,,,,,,,,,,,,1,,,,,,,,,,,,Y,,Y,,,,,,Y,N1,,,N1,Y,N1,29,N1,,Y,Y,,2,N1,9,,,1,,,,,,,,,,,,,,,,,2,,,,1,1,1,,2,,2,,,,,,91,,,,,,,,,,,,,,,,,Y,N1,A2800076,15
2026-04-10 00:05:25,data_go_kr,경상남도,A2800032,강병원,9,20260410000116,055-673-4848,,,,,,,,,,,,,,,,,,,,,1,,,,,,,,,,,,,,Y,,,,,,Y,N1,,,N1,Y,N1,26,N1,,N1,Y,,1,N1,9,,,1,,,,,,,,,,,,,,,,,1,,,,,1,1,,1,,,,,,,,99,,,,,,,,,,,,,,,,,Y,N1,A2800032,16
2026-04-10 00:05:25,data_go_kr,경상남도,A2803677,강일병원,6,20260410000346,055-822-0119,,,,,,,,,,,,,,,,,,,1,,2,,,,,,,,,,,,,,Y,,,,Y,,Y,Y,,,N1,Y,N1,79,N1,10,N1,Y,,5,N1,8,,1,2,,,,,,,,,,,,15,,,,,5,,,,,1,2,1,1,,,,,,,,276,,,,,,,,,,,,,,,,,Y,N1,A2803677,17
2026-04-10 00:05:25,data_go_kr,경상남도,A2800014,의료법인갑을의료재단 갑을장유병원,8,20260410000257,055-310-6119,,,,,,,,,,,,,,,,,,,1,,,,,,,,,,,,,,,,Y,,,,,,Y,N1,,,N1,Y,N1,56,N1,,N1,Y,,4,N1,9,,1,,,,,,,,,,,,,,,,,,4,,,,,1,1,,1,,,,,,,,210,,,,,,,,,,,,,,,,,Y,N1,A2800014,18
2026-04-10 00:05:25,data_go_kr,경상남도,A2800094,의료법인 이도의료재단 남해병원,7,20260410000316,055-860-6630,N,N,,,,,,,,,,,,,,,,,1,,1,,,,,,,,,,,,N,N,Y,,,,N,,Y,N,,,N,Y,N,61,N,,N,Y,,2,N,,,,,,,,,,,,,,,,,,,,,,,,,,,,,,,,,,,,,,,,,,,,,,,,,,,,,,N,N,A2800094,19
2026-04-10 00:05:25,data_go_kr,경상남도,A2800113,밀양병원,6,20260410000536,055-356-9119,,,,,,,,,,,,,,,,,,,,,1,,,,,,,,,,,,,,Y,,,,,,Y,N1,,,N1,Y,N1,44,N1,,N1,Y,,0,N1,8,,,1,,,,,,,,,,,,,,,,,0,,,,,1,1,,1,,,,,,,,200,,,,,,,,,,,,,,,,,Y,N1,A2800113,20
2026-04-10 00:05:25,data_go_kr,경상남도,A2800068,의료법인승연의료재단 삼천포서울병원,8,20260410000122,055-830-9019,,,,,,,,,,,,,,,,,,,,,1,,,,,,,,,,,,,,Y,,,,,,Y,N1,,,N1,Y,N1,9,N1,,N1,Y,,3,Y,9,,,1,,,,,,,,,,,,,,,,,3,,,,,1,2,,4,,,,,,,1,279,,,,,,,,,,,,,,,,,Y,N1,A2800068,21
2026-04-10 00:05:25,data_go_kr,경상남도,A2800101,삼천포제일병원,8,20260410000450,055-830-3099,,,,,,,,,,,,,,,,,,,,,2,,,,,,,,,,,,,,Y,,,,,,Y,N1,,,N1,Y,N1,62,N1,,N1,Y,,2,N,8,,,2,,,,,,,,,,,,,,,,,2,,,,,1,1,,1,,,,,,,1,214,,,,,,,,,,,,,,,,,Y,N1,A2800101,22
2026-04-10 00:05:25,data_go_kr,경상남도,E2800380,산청군보건의료원,5,20260410000501,055-970-7582,,,,,,,,,,,,,,,,,,,,,1,,,,,,,,,,,,,,,,,,,,Y,N1,,,N1,N1,N1,20,N1,,N1,N1,,,N1,5,,,1,,,,,,,,,,,,,,,,,,,,,,,,,1,,,,,,,,20,,,,,,,,,,,,,,,,,Y,N1,E2800380,23
2026-04-10 00:05:25,data_go_kr,경상남도,A2800019,베데스다복음병원,9,20260410000344,055-781-9911,,,,,,,,,,,,,,,,,,,,,1,,,,,,,,,,,,,,Y,,,,,,Y,N1,,,N1,Y,N1,29,N1,,N1,Y,,3,N1,9,,,1,,,,,,,,,,,,,,,,,3,,,,,1,1,,1,,,,,,,,110,,,,,,,,,,,,,,,,,Y,N1,A2800019,24
2026-04-10 00:05:25,data_go_kr,경상남도,A2800090,의령병원,3,20260410000333,055-573-6806,,,,,,,,,,,,,,,,,,,,,1,,,,,,,,,,,,,,Y,,,,,,Y,N1,,,N1,Y,N1,36,N1,,N1,N1,,,N1,4,,,1,,,,,,,,,,,,,,,,,,,,,,1,,,1,,,,,,,,58,,,,,,,,,,,,,,,,,Y,N1,A2800090,25
2026-04-10 00:05:25,data_go_kr,경상남도,A2800084,반도병원,7,20260410000502,055-749-0200,,,,,,,,,,,,,,,,,,,,,1,,,,,,,,,,,,,,Y,,,,,,Y,N1,,,N1,Y,N1,44,N1,,N1,Y,,3,N1,7,,,1,,,,,,,,,,,,,,,,,3,,,,,1,1,,3,,,,,,,,165,,,,,,,,,,,,,,,,,Y,N1,A2800084,26
2026-04-10 00:05:25,data_go_kr,경상남도,A2800015,의료법인 문병욱의료재단 진주고려병원,9,20260410000313,055-751-2525,,,,,,,,,,,,,,,,,,,,,1,,,,,,,,,,,,,,Y,,,,Y,,Y,Y,,,N1,Y,N1,98,N1,1,N1,Y,,3,Y,10,,,1,,,,,,,,,,,,9,,,,,3,,,,,2,2,1,3,,,,,,,1,229,,,,,,,,,,,,,,,,,Y,N1,A2800015,27
2026-04-10 00:05:25,data_go_kr,경상남도,A2800037,진주복음병원,8,20260410000446,055-749-7119,,,,,,,,,,,,,,,,,,,,,1,,,,,,,,,,,,,,Y,,,,,,Y,N1,,,N1,Y,N1,38,N1,,N1,N,,3,N1,9,,,1,,,,,,,,,,,,,,,,,3,,,,,1,1,,1,,,,,,,,131,,,,,,,,,,,,,,,,,N,N1,A2800037,28
2026-04-10 00:05:25,data_go_kr,경상남도,A2800062,태황의료재단한성병원,9,20260410000436,055-530-5119,,,,,,,,,,,,,,,,,,,,,1,,,,,,,,,,,,,,,,,,,,Y,N1,,,N1,N1,N1,54,N1,,N1,N1,,,N1,9,,,1,,,,,,,,,,,,,,,,,,,,,,,,,,,,,,,,,167,,,,,,,,,,,,,,,,,N1,N1,A2800062,29
2026-04-10 00:05:25,data_go_kr,경상남도,A2800025,경상남도마산의료원,13,20260410000502,055-249-1119,,,,,,,,,,,,,,,,,,,1,,1,,,,,1,,,,,,22,,,Y,,,,,,Y,N1,,,Y,Y,N1,75,N1,2,N1,Y,,5,N1,13,,1,1,,,,,,,,,,,,6,2,,,,5,,,27,,1,1,,17,,,2,,,,,263,,,,,,,,,,,,,,,,,Y,N1,A2800025,30
2026-04-10 00:05:25,data_go_kr,경상남도,A2800009,의료법인청아의료재단청아병원,5,20260410000440,055-230-1700,,,,,,,,,,,,,,,,,,,,,1,,,,,,,,,,,,,,Y,,,,,,Y,N1,,,N1,Y,N1,105,N1,,N1,Y,,4,N1,9,,,1,,,,,,,,,,,,,,,,,4,,,,,2,2,,4,,,,,,,,278,,,,,,,,,,,,,,,,,Y,N1,A2800009,31
2026-04-10 00:05:25,data_go_kr,경상남도,A2800021,연세에스병원,7,20260410000310,055-548-7789,,,,,,,,,,,,,,,,,,,,,1,,,,,,,,,,,,,,Y,,,,Y,,Y,Y,,,N1,Y,N1,119,N1,9,N1,Y,,3,N1,9,,,1,,,,,,,,,,,,10,,,,,3,,,,,2,2,1,5,,,,,,,,255,,,,,,,,,,,,,,,,,Y,N1,A2800021,32
2026-04-10 00:05:25,data_go_kr,경상남도,A2800092,새통영병원,8,20260410000441,055-640-4119,,,,,,,,,,,,,,,,,,,,,1,,,,,,,,,,,,,,Y,,,,,,Y,N1,,,N1,Y,N1,60,N1,,N1,Y,,3,N1,9,,,1,,,,,,,,,,,,,,,,,3,,,,,1,2,,3,,,,,,,,256,,,,,,,,,,,,,,,,,Y,N1,A2800092,33
2026-04-10 00:05:25,data_go_kr,경상남도,A2800080,함양성심병원,4,20260410000230,055-964-4322,,,,,,,,,,,,,,,,,,,,,1,,,,,,,,,,,,,,Y,,,,,,Y,N1,,,N1,Y,N1,24,N1,,N1,Y,,2,N1,4,,,1,,,,,,,,,,,,,,,,,2,,,,,1,1,,1,,,,,,,,121,,,,,,,,,,,,,,,,,Y,N1,A2800080,34
2026-04-10 00:05:25,data_go_kr,경상남도,A2800055,삼성합천병원,4,20260410000501,070-5125-5030,,,,,,,,,,,,,,,,,,,,,1,,,,,,,,,,,,,,Y,,,,,,Y,N1,,,N1,Y,N1,5,N1,,N1,Y,,2,N1,4,,,1,,,,,,,,,,,,,,,,,2,,,,,1,1,,1,,,,,,,,141,,,,,,,,,,,,,,,,,Y,N1,A2800055,35
2026-04-10 00:05:25,data_go_kr,제주특별자치도,A2900001,제주한라병원,7,20260410000416,064-740-5159,Y,Y,,,,,0,0,,,2,,,,,,,3,2,,3,3,,,,,21,,3,1,,,Y,,Y,,2,6,Y,11,Y,Y,,,Y,Y,Y,138,Y,4,Y,Y,5,5,N1,15,3,2,3,14,,,7,,,,,20,,,15,,30,,40,6,2,,,2,3,2,3,47,4,8,9,4,4,,,414,,,,,4,2,,4,,,,,,,2,6,Y,Y,A2900001,1
2026-04-10 00:05:25,data_go_kr,제주특별자치도,A2900002,제주특별자치도서귀포의료원,12,20260410000401,064-730-3001,,Y,,,,,,,,,,,,,,,,1,1,,4,,,,,3,,,,,2,,Y,,Y,,,,Y,,Y,Y,,,Y,Y,N1,80,N1,0,Y,Y,,4,Y,16,4,1,4,,,,,,,,,,,,15,3,,,,4,,26,,1,2,1,1,16,,4,3,,,,1,252,,,,,,,,,,,,,,,,,Y,N1,A2900002,2
2026-04-10 00:05:25,data_go_kr,제주특별자치도,A2900007,제주대학교병원,11,20260410000500,064-717-1903,Y,Y,,,,,,,,4,,,,,,,,,1,0,1,,2,,2,,,,,,3,2,Y,,Y,,,,Y,,Y,Y,,,Y,Y,Y,90,Y,,Y,Y,10,12,N1,20,,1,5,,12,12,16,3,,,,,6,,,,,,,12,,20,9,3,2,2,4,45,8,16,10,5,3,,,458,,,,,,,,,,,,,,,,,Y,Y,A2900007,3
2026-04-10 00:05:25,data_go_kr,제주특별자치도,A2900005,한마음병원,11,20260410000135,064-750-9119,,,,,,,,,,,,,,,,,,,1,,0,,,,,,,,,,,,,,Y,,,,Y,,Y,Y,,,Y,Y,N1,47,N1,4,N1,Y,,4,N1,17,,1,2,,,,,,,,,,,,12,,,,,4,,,,,1,1,1,6,,,2,,,,,216,,,,,,,,,,,,,,,,,Y,N1,A2900005,4
2026-04-10 00:05:25,data_go_kr,제주특별자치도,A2900006,의료법인중앙의료재단중앙병원,6,20260410000511,064-786-7777,,,,,,,,,,,,,,,,,,1,1,,2,,,,,1,,,,,,,,,Y,,,,Y,,Y,Y,,,Y,Y,Y,89,N1,13,N1,Y,,3,N1,16,1,1,2,,,,,,,,,,,,16,1,,,,3,,,,,1,1,2,10,,,2,1,,,,281,,,,,,,,,,,,,,,,,Y,N1,A2900006,5
2026-04-10 00:05:25,data_go_kr,제주특별자치도,A2900003,의료법인 혜인의료재단 한국병원,6,20260410000350,064-750-0160,,,,,,,,,,,,,,,,,,,,,1,,,,,,,,,,,,,,Y,,,,,,Y,N1,,,N1,Y,N1,57,N1,5,N1,Y,,3,N1,9,,,1,,,,,,,,,,,,10,,,,,3,,,,,1,1,,6,,,,,,,,209,,,,,,,,,,,,,,,,,Y,N1,A2900003,6
