timestamp,source,hospitals_collected,errors,duration_seconds,csv_path
2026-03-25 10:56:03,data_go_kr,417,0,27.3,/home/runner/work/er-data-collector/er-data-collector/data/data_go_kr/2026-03/data_go_kr_2026-03-25.csv
2026-03-25 10:56:03,mediboard,415,1,17.8,/home/runner/work/er-data-collector/er-data-collector/data/mediboard/2026-03/mediboard_2026-03-25.csv
2026-03-25 11:59:37,data_go_kr,417,0,27.7,/home/runner/work/er-data-collector/er-data-collector/data/data_go_kr/2026-03/data_go_kr_2026-03-25.csv
2026-03-25 11:59:37,mediboard,415,1,17.4,/home/runner/work/er-data-collector/er-data-collector/data/mediboard/2026-03/mediboard_2026-03-25.csv
2026-03-25 13:20:14,data_go_kr,417,0,31.0,/home/runner/work/er-data-collector/er-data-collector/data/data_go_kr/2026-03/data_go_kr_2026-03-25.csv
2026-03-25 13:20:14,mediboard,415,1,15.1,/home/runner/work/er-data-collector/er-data-collector/data/mediboard/2026-03/mediboard_2026-03-25.csv
2026-03-25 14:42:45,data_go_kr,417,0,36.4,/home/runner/work/er-data-collector/er-data-collector/data/data_go_kr/2026-03/data_go_kr_2026-03-25.csv
2026-03-25 14:42:45,mediboard,415,1,17.3,/home/runner/work/er-data-collector/er-data-collector/data/mediboard/2026-03/mediboard_2026-03-25.csv
2026-03-25 15:56:06,data_go_kr,417,0,23.1,/home/runner/work/er-data-collector/er-data-collector/data/data_go_kr/2026-03/data_go_kr_2026-03-25.csv
2026-03-25 15:56:06,mediboard,415,1,16.6,/home/runner/work/er-data-collector/er-data-collector/data/mediboard/2026-03/mediboard_2026-03-25.csv
2026-03-25 16:51:02,data_go_kr,417,0,20.5,/home/runner/work/er-data-collector/er-data-collector/data/data_go_kr/2026-03/data_go_kr_2026-03-25.csv
2026-03-25 16:51:02,mediboard,415,1,17.5,/home/runner/work/er-data-collector/er-data-collector/data/mediboard/2026-03/mediboard_2026-03-25.csv
2026-03-25 17:42:46,data_go_kr,417,0,19.6,/home/runner/work/er-data-collector/er-data-collector/data/data_go_kr/2026-03/data_go_kr_2026-03-25.csv
2026-03-25 17:42:46,mediboard,415,1,18.1,/home/runner/work/er-data-collector/er-data-collector/data/mediboard/2026-03/mediboard_2026-03-25.csv
2026-03-25 18:48:11,data_go_kr,417,0,28.4,/home/runner/work/er-data-collector/er-data-collector/data/data_go_kr/2026-03/data_go_kr_2026-03-25.csv
2026-03-25 18:48:11,mediboard,415,1,19.1,/home/runner/work/er-data-collector/er-data-collector/data/mediboard/2026-03/mediboard_2026-03-25.csv
2026-03-25 19:42:41,data_go_kr,417,0,19.5,/home/runner/work/er-data-collector/er-data-collector/data/data_go_kr/2026-03/data_go_kr_2026-03-25.csv
2026-03-25 19:42:41,mediboard,415,1,18.9,/home/runner/work/er-data-collector/er-data-collector/data/mediboard/2026-03/mediboard_2026-03-25.csv
2026-03-25 20:37:53,data_go_kr,417,0,31.7,/home/runner/work/er-data-collector/er-data-collector/data/data_go_kr/2026-03/data_go_kr_2026-03-25.csv
2026-03-25 20:37:53,mediboard,415,1,18.9,/home/runner/work/er-data-collector/er-data-collector/data/mediboard/2026-03/mediboard_2026-03-25.csv
2026-03-25 21:56:34,data_go_kr,417,0,19.3,/home/runner/work/er-data-collector/er-data-collector/data/data_go_kr/2026-03/data_go_kr_2026-03-25.csv
2026-03-25 21:56:34,mediboard,415,1,16.4,/home/runner/work/er-data-collector/er-data-collector/data/mediboard/2026-03/mediboard_2026-03-25.csv
2026-03-25 23:17:44,data_go_kr,417,0,17.2,/home/runner/work/er-data-collector/er-data-collector/data/data_go_kr/2026-03/data_go_kr_2026-03-25.csv
2026-03-25 23:17:44,mediboard,415,1,18.2,/home/runner/work/er-data-collector/er-data-collector/data/mediboard/2026-03/mediboard_2026-03-25.csv
2026-03-26 00:43:47,data_go_kr,417,0,23.6,/home/runner/work/er-data-collector/er-data-collector/data/data_go_kr/2026-03/data_go_kr_2026-03-26.csv
2026-03-26 00:43:47,mediboard,415,1,16.6,/home/runner/work/er-data-collector/er-data-collector/data/mediboard/2026-03/mediboard_2026-03-26.csv
2026-03-26 01:57:14,data_go_kr,417,0,21.9,/home/runner/work/er-data-collector/er-data-collector/data/data_go_kr/2026-03/data_go_kr_2026-03-26.csv
2026-03-26 01:57:14,mediboard,415,1,14.2,/home/runner/work/er-data-collector/er-data-collector/data/mediboard/2026-03/mediboard_2026-03-26.csv
2026-03-26 02:58:52,data_go_kr,417,0,29.1,/home/runner/work/er-data-collector/er-data-collector/data/data_go_kr/2026-03/data_go_kr_2026-03-26.csv
2026-03-26 02:58:52,mediboard,415,1,18.7,/home/runner/work/er-data-collector/er-data-collector/data/mediboard/2026-03/mediboard_2026-03-26.csv
2026-03-26 04:01:59,data_go_kr,417,0,23.4,/home/runner/work/er-data-collector/er-data-collector/data/data_go_kr/2026-03/data_go_kr_2026-03-26.csv
2026-03-26 04:01:59,mediboard,415,1,16.6,/home/runner/work/er-data-collector/er-data-collector/data/mediboard/2026-03/mediboard_2026-03-26.csv
2026-03-26 04:59:31,data_go_kr,417,0,21.5,/home/runner/work/er-data-collector/er-data-collector/data/data_go_kr/2026-03/data_go_kr_2026-03-26.csv
2026-03-26 04:59:31,mediboard,415,1,16.7,/home/runner/work/er-data-collector/er-data-collector/data/mediboard/2026-03/mediboard_2026-03-26.csv
2026-03-26 05:49:02,data_go_kr,417,0,21.4,/home/runner/work/er-data-collector/er-data-collector/data/data_go_kr/2026-03/data_go_kr_2026-03-26.csv
2026-03-26 05:49:02,mediboard,415,1,18.1,/home/runner/work/er-data-collector/er-data-collector/data/mediboard/2026-03/mediboard_2026-03-26.csv
2026-03-26 06:33:27,data_go_kr,417,0,19.4,/home/runner/work/er-data-collector/er-data-collector/data/data_go_kr/2026-03/data_go_kr_2026-03-26.csv
2026-03-26 06:33:27,mediboard,415,1,17.2,/home/runner/work/er-data-collector/er-data-collector/data/mediboard/2026-03/mediboard_2026-03-26.csv
2026-03-26 07:30:23,data_go_kr,417,0,27.3,/home/runner/work/er-data-collector/er-data-collector/data/data_go_kr/2026-03/data_go_kr_2026-03-26.csv
2026-03-26 07:30:23,mediboard,415,1,14.1,/home/runner/work/er-data-collector/er-data-collector/data/mediboard/2026-03/mediboard_2026-03-26.csv
2026-03-26 08:29:03,data_go_kr,417,0,30.2,/home/runner/work/er-data-collector/er-data-collector/data/data_go_kr/2026-03/data_go_kr_2026-03-26.csv
2026-03-26 08:29:03,mediboard,415,1,18.7,/home/runner/work/er-data-collector/er-data-collector/data/mediboard/2026-03/mediboard_2026-03-26.csv
2026-03-26 08:59:50,data_go_kr,417,0,35.9,/home/runner/work/er-data-collector/er-data-collector/data/data_go_kr/2026-03/data_go_kr_2026-03-26.csv
2026-03-26 08:59:50,mediboard,415,1,17.5,/home/runner/work/er-data-collector/er-data-collector/data/mediboard/2026-03/mediboard_2026-03-26.csv
2026-03-26 11:56:32,data_go_kr,417,0,21.3,/home/runner/work/er-data-collector/er-data-collector/data/data_go_kr/2026-03/data_go_kr_2026-03-26.csv
2026-03-26 11:56:32,mediboard,415,1,17.1,/home/runner/work/er-data-collector/er-data-collector/data/mediboard/2026-03/mediboard_2026-03-26.csv
2026-03-26 14:04:30,data_go_kr,417,0,23.2,/home/runner/work/er-data-collector/er-data-collector/data/data_go_kr/2026-03/data_go_kr_2026-03-26.csv
2026-03-26 14:04:30,mediboard,415,1,23.5,/home/runner/work/er-data-collector/er-data-collector/data/mediboard/2026-03/mediboard_2026-03-26.csv
2026-03-26 15:42:58,data_go_kr,417,0,26.8,/home/runner/work/er-data-collector/er-data-collector/data/data_go_kr/2026-03/data_go_kr_2026-03-26.csv
2026-03-26 15:42:58,mediboard,415,1,16.8,/home/runner/work/er-data-collector/er-data-collector/data/mediboard/2026-03/mediboard_2026-03-26.csv
2026-03-26 16:59:00,data_go_kr,417,0,20.4,/home/runner/work/er-data-collector/er-data-collector/data/data_go_kr/2026-03/data_go_kr_2026-03-26.csv
2026-03-26 16:59:00,mediboard,415,1,16.6,/home/runner/work/er-data-collector/er-data-collector/data/mediboard/2026-03/mediboard_2026-03-26.csv
2026-03-26 18:03:53,data_go_kr,417,0,25.9,/home/runner/work/er-data-collector/er-data-collector/data/data_go_kr/2026-03/data_go_kr_2026-03-26.csv
2026-03-26 18:03:53,mediboard,415,1,19.5,/home/runner/work/er-data-collector/er-data-collector/data/mediboard/2026-03/mediboard_2026-03-26.csv
2026-03-26 19:29:05,data_go_kr,417,0,23.0,/home/runner/work/er-data-collector/er-data-collector/data/data_go_kr/2026-03/data_go_kr_2026-03-26.csv
2026-03-26 19:29:05,mediboard,415,1,18.6,/home/runner/work/er-data-collector/er-data-collector/data/mediboard/2026-03/mediboard_2026-03-26.csv
2026-03-26 20:28:40,data_go_kr,417,0,21.6,/home/runner/work/er-data-collector/er-data-collector/data/data_go_kr/2026-03/data_go_kr_2026-03-26.csv
2026-03-26 20:28:40,mediboard,415,1,16.6,/home/runner/work/er-data-collector/er-data-collector/data/mediboard/2026-03/mediboard_2026-03-26.csv
2026-03-26 21:08:07,data_go_kr,417,0,18.9,/home/runner/work/er-data-collector/er-data-collector/data/data_go_kr/2026-03/data_go_kr_2026-03-26.csv
2026-03-26 21:08:07,mediboard,415,1,16.1,/home/runner/work/er-data-collector/er-data-collector/data/mediboard/2026-03/mediboard_2026-03-26.csv
2026-03-26 23:03:05,data_go_kr,417,0,26.5,/home/runner/work/er-data-collector/er-data-collector/data/data_go_kr/2026-03/data_go_kr_2026-03-26.csv
2026-03-26 23:03:05,mediboard,415,1,19.3,/home/runner/work/er-data-collector/er-data-collector/data/mediboard/2026-03/mediboard_2026-03-26.csv
2026-03-27 00:49:18,data_go_kr,417,0,31.5,/home/runner/work/er-data-collector/er-data-collector/data/data_go_kr/2026-03/data_go_kr_2026-03-27.csv
2026-03-27 00:49:18,mediboard,415,1,20.3,/home/runner/work/er-data-collector/er-data-collector/data/mediboard/2026-03/mediboard_2026-03-27.csv
2026-03-27 01:56:08,data_go_kr,417,0,23.9,/home/runner/work/er-data-collector/er-data-collector/data/data_go_kr/2026-03/data_go_kr_2026-03-27.csv
2026-03-27 01:56:08,mediboard,415,1,19.0,/home/runner/work/er-data-collector/er-data-collector/data/mediboard/2026-03/mediboard_2026-03-27.csv
2026-03-27 02:59:06,data_go_kr,417,0,20.3,/home/runner/work/er-data-collector/er-data-collector/data/data_go_kr/2026-03/data_go_kr_2026-03-27.csv
2026-03-27 02:59:06,mediboard,415,1,14.3,/home/runner/work/er-data-collector/er-data-collector/data/mediboard/2026-03/mediboard_2026-03-27.csv
2026-03-27 04:15:51,data_go_kr,417,0,17.9,/home/runner/work/er-data-collector/er-data-collector/data/data_go_kr/2026-03/data_go_kr_2026-03-27.csv
2026-03-27 04:15:51,mediboard,415,1,16.2,/home/runner/work/er-data-collector/er-data-collector/data/mediboard/2026-03/mediboard_2026-03-27.csv
2026-03-27 05:00:42,data_go_kr,417,0,29.5,/home/runner/work/er-data-collector/er-data-collector/data/data_go_kr/2026-03/data_go_kr_2026-03-27.csv
2026-03-27 05:00:42,mediboard,415,1,18.1,/home/runner/work/er-data-collector/er-data-collector/data/mediboard/2026-03/mediboard_2026-03-27.csv
2026-03-27 05:57:03,data_go_kr,417,0,26.7,/home/runner/work/er-data-collector/er-data-collector/data/data_go_kr/2026-03/data_go_kr_2026-03-27.csv
2026-03-27 05:57:03,mediboard,415,1,18.4,/home/runner/work/er-data-collector/er-data-collector/data/mediboard/2026-03/mediboard_2026-03-27.csv
2026-03-27 06:31:19,data_go_kr,417,0,20.3,/home/runner/work/er-data-collector/er-data-collector/data/data_go_kr/2026-03/data_go_kr_2026-03-27.csv
2026-03-27 06:31:19,mediboard,415,1,17.5,/home/runner/work/er-data-collector/er-data-collector/data/mediboard/2026-03/mediboard_2026-03-27.csv
2026-03-27 07:22:57,data_go_kr,417,0,20.9,/home/runner/work/er-data-collector/er-data-collector/data/data_go_kr/2026-03/data_go_kr_2026-03-27.csv
2026-03-27 07:22:57,mediboard,415,1,16.5,/home/runner/work/er-data-collector/er-data-collector/data/mediboard/2026-03/mediboard_2026-03-27.csv
2026-03-27 07:55:01,data_go_kr,417,0,32.4,/home/runner/work/er-data-collector/er-data-collector/data/data_go_kr/2026-03/data_go_kr_2026-03-27.csv
2026-03-27 07:55:01,mediboard,415,1,14.6,/home/runner/work/er-data-collector/er-data-collector/data/mediboard/2026-03/mediboard_2026-03-27.csv
2026-03-27 08:26:41,data_go_kr,417,0,28.9,/home/runner/work/er-data-collector/er-data-collector/data/data_go_kr/2026-03/data_go_kr_2026-03-27.csv
2026-03-27 08:26:41,mediboard,415,1,18.3,/home/runner/work/er-data-collector/er-data-collector/data/mediboard/2026-03/mediboard_2026-03-27.csv
2026-03-27 08:56:36,data_go_kr,417,0,17.3,/home/runner/work/er-data-collector/er-data-collector/data/data_go_kr/2026-03/data_go_kr_2026-03-27.csv
2026-03-27 08:56:36,mediboard,415,1,17.8,/home/runner/work/er-data-collector/er-data-collector/data/mediboard/2026-03/mediboard_2026-03-27.csv
2026-03-27 11:11:19,data_go_kr,417,0,32.1,/home/runner/work/er-data-collector/er-data-collector/data/data_go_kr/2026-03/data_go_kr_2026-03-27.csv
2026-03-27 11:11:19,mediboard,415,1,16.9,/home/runner/work/er-data-collector/er-data-collector/data/mediboard/2026-03/mediboard_2026-03-27.csv
2026-03-27 13:43:54,data_go_kr,417,0,27.4,/home/runner/work/er-data-collector/er-data-collector/data/data_go_kr/2026-03/data_go_kr_2026-03-27.csv
2026-03-27 13:43:54,mediboard,415,1,18.7,/home/runner/work/er-data-collector/er-data-collector/data/mediboard/2026-03/mediboard_2026-03-27.csv
2026-03-27 15:09:41,data_go_kr,417,0,20.9,/home/runner/work/er-data-collector/er-data-collector/data/data_go_kr/2026-03/data_go_kr_2026-03-27.csv
2026-03-27 15:09:41,mediboard,415,1,21.3,/home/runner/work/er-data-collector/er-data-collector/data/mediboard/2026-03/mediboard_2026-03-27.csv
2026-03-27 16:39:21,data_go_kr,417,0,17.5,/home/runner/work/er-data-collector/er-data-collector/data/data_go_kr/2026-03/data_go_kr_2026-03-27.csv
2026-03-27 16:39:21,mediboard,415,1,17.6,/home/runner/work/er-data-collector/er-data-collector/data/mediboard/2026-03/mediboard_2026-03-27.csv
2026-03-27 17:43:53,data_go_kr,417,0,23.6,/home/runner/work/er-data-collector/er-data-collector/data/data_go_kr/2026-03/data_go_kr_2026-03-27.csv
2026-03-27 17:43:53,mediboard,415,1,17.8,/home/runner/work/er-data-collector/er-data-collector/data/mediboard/2026-03/mediboard_2026-03-27.csv
2026-03-27 18:49:12,data_go_kr,417,0,16.9,/home/runner/work/er-data-collector/er-data-collector/data/data_go_kr/2026-03/data_go_kr_2026-03-27.csv
2026-03-27 18:49:12,mediboard,415,1,13.9,/home/runner/work/er-data-collector/er-data-collector/data/mediboard/2026-03/mediboard_2026-03-27.csv
2026-03-27 19:41:56,data_go_kr,417,0,19.0,/home/runner/work/er-data-collector/er-data-collector/data/data_go_kr/2026-03/data_go_kr_2026-03-27.csv
2026-03-27 19:41:56,mediboard,415,1,14.4,/home/runner/work/er-data-collector/er-data-collector/data/mediboard/2026-03/mediboard_2026-03-27.csv
2026-03-27 20:37:44,data_go_kr,417,0,17.1,/home/runner/work/er-data-collector/er-data-collector/data/data_go_kr/2026-03/data_go_kr_2026-03-27.csv
2026-03-27 20:37:44,mediboard,415,1,18.7,/home/runner/work/er-data-collector/er-data-collector/data/mediboard/2026-03/mediboard_2026-03-27.csv
2026-03-27 21:53:17,data_go_kr,417,0,20.1,/home/runner/work/er-data-collector/er-data-collector/data/data_go_kr/2026-03/data_go_kr_2026-03-27.csv
2026-03-27 21:53:17,mediboard,415,1,16.6,/home/runner/work/er-data-collector/er-data-collector/data/mediboard/2026-03/mediboard_2026-03-27.csv
2026-03-27 23:08:49,data_go_kr,417,0,22.1,/home/runner/work/er-data-collector/er-data-collector/data/data_go_kr/2026-03/data_go_kr_2026-03-27.csv
2026-03-27 23:08:49,mediboard,415,1,18.7,/home/runner/work/er-data-collector/er-data-collector/data/mediboard/2026-03/mediboard_2026-03-27.csv
2026-03-28 00:13:57,data_go_kr,417,0,17.9,/home/runner/work/er-data-collector/er-data-collector/data/data_go_kr/2026-03/data_go_kr_2026-03-28.csv
2026-03-28 00:13:57,mediboard,415,1,14.1,/home/runner/work/er-data-collector/er-data-collector/data/mediboard/2026-03/mediboard_2026-03-28.csv
2026-03-28 01:11:41,data_go_kr,417,0,21.1,/home/runner/work/er-data-collector/er-data-collector/data/data_go_kr/2026-03/data_go_kr_2026-03-28.csv
2026-03-28 01:11:41,mediboard,415,1,16.8,/home/runner/work/er-data-collector/er-data-collector/data/mediboard/2026-03/mediboard_2026-03-28.csv
2026-03-28 02:25:04,data_go_kr,417,0,30.6,/home/runner/work/er-data-collector/er-data-collector/data/data_go_kr/2026-03/data_go_kr_2026-03-28.csv
2026-03-28 02:25:04,mediboard,415,1,18.0,/home/runner/work/er-data-collector/er-data-collector/data/mediboard/2026-03/mediboard_2026-03-28.csv
2026-03-28 03:09:18,data_go_kr,417,0,28.5,/home/runner/work/er-data-collector/er-data-collector/data/data_go_kr/2026-03/data_go_kr_2026-03-28.csv
2026-03-28 03:09:18,mediboard,415,1,19.5,/home/runner/work/er-data-collector/er-data-collector/data/mediboard/2026-03/mediboard_2026-03-28.csv
2026-03-28 04:25:44,data_go_kr,417,0,17.9,/home/runner/work/er-data-collector/er-data-collector/data/data_go_kr/2026-03/data_go_kr_2026-03-28.csv
2026-03-28 04:25:44,mediboard,415,1,14.1,/home/runner/work/er-data-collector/er-data-collector/data/mediboard/2026-03/mediboard_2026-03-28.csv
2026-03-28 04:57:43,data_go_kr,417,0,27.4,/home/runner/work/er-data-collector/er-data-collector/data/data_go_kr/2026-03/data_go_kr_2026-03-28.csv
2026-03-28 04:57:43,mediboard,415,1,18.5,/home/runner/work/er-data-collector/er-data-collector/data/mediboard/2026-03/mediboard_2026-03-28.csv
2026-03-28 05:40:42,data_go_kr,417,0,32.0,/home/runner/work/er-data-collector/er-data-collector/data/data_go_kr/2026-03/data_go_kr_2026-03-28.csv
2026-03-28 05:40:42,mediboard,415,1,18.1,/home/runner/work/er-data-collector/er-data-collector/data/mediboard/2026-03/mediboard_2026-03-28.csv
2026-03-28 06:28:42,data_go_kr,417,0,27.6,/home/runner/work/er-data-collector/er-data-collector/data/data_go_kr/2026-03/data_go_kr_2026-03-28.csv
2026-03-28 06:28:42,mediboard,415,1,17.9,/home/runner/work/er-data-collector/er-data-collector/data/mediboard/2026-03/mediboard_2026-03-28.csv
2026-03-28 06:58:21,data_go_kr,417,0,27.7,/home/runner/work/er-data-collector/er-data-collector/data/data_go_kr/2026-03/data_go_kr_2026-03-28.csv
2026-03-28 06:58:21,mediboard,415,1,17.6,/home/runner/work/er-data-collector/er-data-collector/data/mediboard/2026-03/mediboard_2026-03-28.csv
2026-03-28 07:36:31,data_go_kr,417,0,17.3,/home/runner/work/er-data-collector/er-data-collector/data/data_go_kr/2026-03/data_go_kr_2026-03-28.csv
2026-03-28 07:36:31,mediboard,415,1,16.6,/home/runner/work/er-data-collector/er-data-collector/data/mediboard/2026-03/mediboard_2026-03-28.csv
2026-03-28 08:27:12,data_go_kr,417,0,27.2,/home/runner/work/er-data-collector/er-data-collector/data/data_go_kr/2026-03/data_go_kr_2026-03-28.csv
2026-03-28 08:27:12,mediboard,415,1,16.8,/home/runner/work/er-data-collector/er-data-collector/data/mediboard/2026-03/mediboard_2026-03-28.csv
2026-03-28 08:52:37,data_go_kr,417,0,24.3,/home/runner/work/er-data-collector/er-data-collector/data/data_go_kr/2026-03/data_go_kr_2026-03-28.csv
2026-03-28 08:52:37,mediboard,415,1,15.4,/home/runner/work/er-data-collector/er-data-collector/data/mediboard/2026-03/mediboard_2026-03-28.csv
2026-03-28 10:44:42,data_go_kr,417,0,29.9,/home/runner/work/er-data-collector/er-data-collector/data/data_go_kr/2026-03/data_go_kr_2026-03-28.csv
2026-03-28 10:44:42,mediboard,415,1,13.5,/home/runner/work/er-data-collector/er-data-collector/data/mediboard/2026-03/mediboard_2026-03-28.csv
2026-03-28 13:14:40,data_go_kr,417,0,22.2,/home/runner/work/er-data-collector/er-data-collector/data/data_go_kr/2026-03/data_go_kr_2026-03-28.csv
2026-03-28 13:14:40,mediboard,415,1,16.3,/home/runner/work/er-data-collector/er-data-collector/data/mediboard/2026-03/mediboard_2026-03-28.csv
2026-03-28 14:38:39,data_go_kr,417,0,25.8,/home/runner/work/er-data-collector/er-data-collector/data/data_go_kr/2026-03/data_go_kr_2026-03-28.csv
2026-03-28 14:38:39,mediboard,415,1,13.7,/home/runner/work/er-data-collector/er-data-collector/data/mediboard/2026-03/mediboard_2026-03-28.csv
2026-03-28 15:52:05,data_go_kr,417,0,19.1,/home/runner/work/er-data-collector/er-data-collector/data/data_go_kr/2026-03/data_go_kr_2026-03-28.csv
2026-03-28 15:52:05,mediboard,415,1,14.9,/home/runner/work/er-data-collector/er-data-collector/data/mediboard/2026-03/mediboard_2026-03-28.csv
2026-03-28 16:41:21,data_go_kr,417,0,19.4,/home/runner/work/er-data-collector/er-data-collector/data/data_go_kr/2026-03/data_go_kr_2026-03-28.csv
2026-03-28 16:41:21,mediboard,415,1,19.4,/home/runner/work/er-data-collector/er-data-collector/data/mediboard/2026-03/mediboard_2026-03-28.csv
2026-03-28 17:32:24,data_go_kr,417,0,24.7,/home/runner/work/er-data-collector/er-data-collector/data/data_go_kr/2026-03/data_go_kr_2026-03-28.csv
2026-03-28 17:32:24,mediboard,415,1,19.8,/home/runner/work/er-data-collector/er-data-collector/data/mediboard/2026-03/mediboard_2026-03-28.csv
2026-03-28 18:31:07,data_go_kr,417,0,24.6,/home/runner/work/er-data-collector/er-data-collector/data/data_go_kr/2026-03/data_go_kr_2026-03-28.csv
2026-03-28 18:31:07,mediboard,415,1,21.8,/home/runner/work/er-data-collector/er-data-collector/data/mediboard/2026-03/mediboard_2026-03-28.csv
2026-03-28 19:26:47,data_go_kr,417,0,19.3,/home/runner/work/er-data-collector/er-data-collector/data/data_go_kr/2026-03/data_go_kr_2026-03-28.csv
2026-03-28 19:26:47,mediboard,415,1,13.8,/home/runner/work/er-data-collector/er-data-collector/data/mediboard/2026-03/mediboard_2026-03-28.csv
2026-03-28 19:58:40,data_go_kr,417,0,20.4,/home/runner/work/er-data-collector/er-data-collector/data/data_go_kr/2026-03/data_go_kr_2026-03-28.csv
2026-03-28 19:58:40,mediboard,415,1,14.0,/home/runner/work/er-data-collector/er-data-collector/data/mediboard/2026-03/mediboard_2026-03-28.csv
2026-03-28 20:31:59,data_go_kr,417,0,28.7,/home/runner/work/er-data-collector/er-data-collector/data/data_go_kr/2026-03/data_go_kr_2026-03-28.csv
2026-03-28 20:31:59,mediboard,415,1,20.7,/home/runner/work/er-data-collector/er-data-collector/data/mediboard/2026-03/mediboard_2026-03-28.csv
2026-03-28 21:41:07,data_go_kr,417,0,20.3,/home/runner/work/er-data-collector/er-data-collector/data/data_go_kr/2026-03/data_go_kr_2026-03-28.csv
2026-03-28 21:41:07,mediboard,415,1,17.2,/home/runner/work/er-data-collector/er-data-collector/data/mediboard/2026-03/mediboard_2026-03-28.csv
2026-03-28 22:46:42,data_go_kr,417,0,23.7,/home/runner/work/er-data-collector/er-data-collector/data/data_go_kr/2026-03/data_go_kr_2026-03-28.csv
2026-03-28 22:46:42,mediboard,415,1,18.0,/home/runner/work/er-data-collector/er-data-collector/data/mediboard/2026-03/mediboard_2026-03-28.csv
2026-03-28 23:27:07,data_go_kr,417,0,19.3,/home/runner/work/er-data-collector/er-data-collector/data/data_go_kr/2026-03/data_go_kr_2026-03-28.csv
2026-03-28 23:27:07,mediboard,415,1,14.3,/home/runner/work/er-data-collector/er-data-collector/data/mediboard/2026-03/mediboard_2026-03-28.csv
2026-03-28 23:57:53,data_go_kr,417,0,25.7,/home/runner/work/er-data-collector/er-data-collector/data/data_go_kr/2026-03/data_go_kr_2026-03-28.csv
2026-03-28 23:57:53,mediboard,415,1,20.9,/home/runner/work/er-data-collector/er-data-collector/data/mediboard/2026-03/mediboard_2026-03-28.csv
2026-03-29 00:33:50,data_go_kr,417,0,22.2,/home/runner/work/er-data-collector/er-data-collector/data/data_go_kr/2026-03/data_go_kr_2026-03-29.csv
2026-03-29 00:33:50,mediboard,415,1,14.1,/home/runner/work/er-data-collector/er-data-collector/data/mediboard/2026-03/mediboard_2026-03-29.csv
2026-03-29 01:27:33,data_go_kr,417,0,16.1,/home/runner/work/er-data-collector/er-data-collector/data/data_go_kr/2026-03/data_go_kr_2026-03-29.csv
2026-03-29 01:27:33,mediboard,415,1,17.7,/home/runner/work/er-data-collector/er-data-collector/data/mediboard/2026-03/mediboard_2026-03-29.csv
2026-03-29 01:59:20,data_go_kr,417,0,20.1,/home/runner/work/er-data-collector/er-data-collector/data/data_go_kr/2026-03/data_go_kr_2026-03-29.csv
2026-03-29 01:59:20,mediboard,415,1,16.1,/home/runner/work/er-data-collector/er-data-collector/data/mediboard/2026-03/mediboard_2026-03-29.csv
2026-03-29 02:35:44,data_go_kr,417,0,30.5,/home/runner/work/er-data-collector/er-data-collector/data/data_go_kr/2026-03/data_go_kr_2026-03-29.csv
2026-03-29 02:35:44,mediboard,415,1,18.2,/home/runner/work/er-data-collector/er-data-collector/data/mediboard/2026-03/mediboard_2026-03-29.csv
2026-03-29 03:32:10,data_go_kr,417,0,28.1,/home/runner/work/er-data-collector/er-data-collector/data/data_go_kr/2026-03/data_go_kr_2026-03-29.csv
2026-03-29 03:32:10,mediboard,415,1,18.4,/home/runner/work/er-data-collector/er-data-collector/data/mediboard/2026-03/mediboard_2026-03-29.csv
2026-03-29 04:25:47,data_go_kr,417,0,23.4,/home/runner/work/er-data-collector/er-data-collector/data/data_go_kr/2026-03/data_go_kr_2026-03-29.csv
2026-03-29 04:25:47,mediboard,415,1,17.4,/home/runner/work/er-data-collector/er-data-collector/data/mediboard/2026-03/mediboard_2026-03-29.csv
2026-03-29 04:51:20,data_go_kr,417,0,24.6,/home/runner/work/er-data-collector/er-data-collector/data/data_go_kr/2026-03/data_go_kr_2026-03-29.csv
2026-03-29 04:51:20,mediboard,415,1,16.8,/home/runner/work/er-data-collector/er-data-collector/data/mediboard/2026-03/mediboard_2026-03-29.csv
2026-03-29 05:23:11,data_go_kr,417,0,21.4,/home/runner/work/er-data-collector/er-data-collector/data/data_go_kr/2026-03/data_go_kr_2026-03-29.csv
2026-03-29 05:23:11,mediboard,415,1,14.9,/home/runner/work/er-data-collector/er-data-collector/data/mediboard/2026-03/mediboard_2026-03-29.csv
2026-03-29 05:54:13,data_go_kr,417,0,20.8,/home/runner/work/er-data-collector/er-data-collector/data/data_go_kr/2026-03/data_go_kr_2026-03-29.csv
2026-03-29 05:54:13,mediboard,415,1,18.0,/home/runner/work/er-data-collector/er-data-collector/data/mediboard/2026-03/mediboard_2026-03-29.csv
2026-03-29 06:24:44,data_go_kr,417,0,24.0,/home/runner/work/er-data-collector/er-data-collector/data/data_go_kr/2026-03/data_go_kr_2026-03-29.csv
2026-03-29 06:24:44,mediboard,415,1,18.4,/home/runner/work/er-data-collector/er-data-collector/data/mediboard/2026-03/mediboard_2026-03-29.csv
2026-03-29 06:51:56,data_go_kr,417,0,34.2,/home/runner/work/er-data-collector/er-data-collector/data/data_go_kr/2026-03/data_go_kr_2026-03-29.csv
2026-03-29 06:51:56,mediboard,415,1,22.0,/home/runner/work/er-data-collector/er-data-collector/data/mediboard/2026-03/mediboard_2026-03-29.csv
2026-03-29 07:22:48,data_go_kr,417,0,21.8,/home/runner/work/er-data-collector/er-data-collector/data/data_go_kr/2026-03/data_go_kr_2026-03-29.csv
2026-03-29 07:22:48,mediboard,415,1,16.7,/home/runner/work/er-data-collector/er-data-collector/data/mediboard/2026-03/mediboard_2026-03-29.csv
2026-03-29 07:55:15,data_go_kr,417,0,23.3,/home/runner/work/er-data-collector/er-data-collector/data/data_go_kr/2026-03/data_go_kr_2026-03-29.csv
2026-03-29 07:55:15,mediboard,415,1,21.0,/home/runner/work/er-data-collector/er-data-collector/data/mediboard/2026-03/mediboard_2026-03-29.csv
2026-03-29 08:25:41,data_go_kr,417,0,26.6,/home/runner/work/er-data-collector/er-data-collector/data/data_go_kr/2026-03/data_go_kr_2026-03-29.csv
2026-03-29 08:25:41,mediboard,415,1,16.4,/home/runner/work/er-data-collector/er-data-collector/data/mediboard/2026-03/mediboard_2026-03-29.csv
2026-03-29 08:54:00,data_go_kr,417,0,22.7,/home/runner/work/er-data-collector/er-data-collector/data/data_go_kr/2026-03/data_go_kr_2026-03-29.csv
2026-03-29 08:54:00,mediboard,415,1,16.4,/home/runner/work/er-data-collector/er-data-collector/data/mediboard/2026-03/mediboard_2026-03-29.csv
2026-03-29 10:55:21,data_go_kr,417,0,29.3,/home/runner/work/er-data-collector/er-data-collector/data/data_go_kr/2026-03/data_go_kr_2026-03-29.csv
2026-03-29 10:55:21,mediboard,415,1,18.1,/home/runner/work/er-data-collector/er-data-collector/data/mediboard/2026-03/mediboard_2026-03-29.csv
2026-03-29 13:34:34,data_go_kr,417,0,22.8,/home/runner/work/er-data-collector/er-data-collector/data/data_go_kr/2026-03/data_go_kr_2026-03-29.csv
2026-03-29 13:34:34,mediboard,415,1,17.3,/home/runner/work/er-data-collector/er-data-collector/data/mediboard/2026-03/mediboard_2026-03-29.csv
2026-03-29 15:09:15,data_go_kr,417,0,27.7,/home/runner/work/er-data-collector/er-data-collector/data/data_go_kr/2026-03/data_go_kr_2026-03-29.csv
2026-03-29 15:09:15,mediboard,415,1,18.7,/home/runner/work/er-data-collector/er-data-collector/data/mediboard/2026-03/mediboard_2026-03-29.csv
2026-03-29 16:32:20,data_go_kr,417,0,26.4,/home/runner/work/er-data-collector/er-data-collector/data/data_go_kr/2026-03/data_go_kr_2026-03-29.csv
2026-03-29 16:32:20,mediboard,415,1,18.2,/home/runner/work/er-data-collector/er-data-collector/data/mediboard/2026-03/mediboard_2026-03-29.csv
2026-03-29 17:34:06,data_go_kr,417,0,31.8,/home/runner/work/er-data-collector/er-data-collector/data/data_go_kr/2026-03/data_go_kr_2026-03-29.csv
2026-03-29 17:34:06,mediboard,415,1,18.4,/home/runner/work/er-data-collector/er-data-collector/data/mediboard/2026-03/mediboard_2026-03-29.csv
2026-03-29 18:31:38,data_go_kr,417,0,26.0,/home/runner/work/er-data-collector/er-data-collector/data/data_go_kr/2026-03/data_go_kr_2026-03-29.csv
2026-03-29 18:31:38,mediboard,415,1,18.4,/home/runner/work/er-data-collector/er-data-collector/data/mediboard/2026-03/mediboard_2026-03-29.csv
2026-03-29 19:27:19,data_go_kr,416,0,20.9,/home/runner/work/er-data-collector/er-data-collector/data/data_go_kr/2026-03/data_go_kr_2026-03-29.csv
2026-03-29 19:27:19,mediboard,415,1,17.6,/home/runner/work/er-data-collector/er-data-collector/data/mediboard/2026-03/mediboard_2026-03-29.csv
2026-03-29 20:01:20,data_go_kr,417,0,31.1,/home/runner/work/er-data-collector/er-data-collector/data/data_go_kr/2026-03/data_go_kr_2026-03-29.csv
2026-03-29 20:01:20,mediboard,415,1,14.2,/home/runner/work/er-data-collector/er-data-collector/data/mediboard/2026-03/mediboard_2026-03-29.csv
2026-03-29 20:50:32,data_go_kr,417,0,20.3,/home/runner/work/er-data-collector/er-data-collector/data/data_go_kr/2026-03/data_go_kr_2026-03-29.csv
2026-03-29 20:50:32,mediboard,415,1,14.1,/home/runner/work/er-data-collector/er-data-collector/data/mediboard/2026-03/mediboard_2026-03-29.csv
2026-03-29 21:41:42,data_go_kr,417,0,20.9,/home/runner/work/er-data-collector/er-data-collector/data/data_go_kr/2026-03/data_go_kr_2026-03-29.csv
2026-03-29 21:41:42,mediboard,415,1,18.0,/home/runner/work/er-data-collector/er-data-collector/data/mediboard/2026-03/mediboard_2026-03-29.csv
2026-03-29 22:49:13,data_go_kr,417,0,24.5,/home/runner/work/er-data-collector/er-data-collector/data/data_go_kr/2026-03/data_go_kr_2026-03-29.csv
2026-03-29 22:49:13,mediboard,415,1,17.0,/home/runner/work/er-data-collector/er-data-collector/data/mediboard/2026-03/mediboard_2026-03-29.csv
2026-03-29 23:29:18,data_go_kr,417,0,16.7,/home/runner/work/er-data-collector/er-data-collector/data/data_go_kr/2026-03/data_go_kr_2026-03-29.csv
2026-03-29 23:29:18,mediboard,415,1,17.6,/home/runner/work/er-data-collector/er-data-collector/data/mediboard/2026-03/mediboard_2026-03-29.csv
2026-03-30 00:01:13,data_go_kr,417,0,36.1,/home/runner/work/er-data-collector/er-data-collector/data/data_go_kr/2026-03/data_go_kr_2026-03-30.csv
2026-03-30 00:01:13,mediboard,415,1,17.9,/home/runner/work/er-data-collector/er-data-collector/data/mediboard/2026-03/mediboard_2026-03-30.csv
2026-03-30 00:52:53,data_go_kr,417,0,21.3,/home/runner/work/er-data-collector/er-data-collector/data/data_go_kr/2026-03/data_go_kr_2026-03-30.csv
2026-03-30 00:52:53,mediboard,415,1,16.0,/home/runner/work/er-data-collector/er-data-collector/data/mediboard/2026-03/mediboard_2026-03-30.csv
2026-03-30 01:28:15,data_go_kr,417,0,21.9,/home/runner/work/er-data-collector/er-data-collector/data/data_go_kr/2026-03/data_go_kr_2026-03-30.csv
2026-03-30 01:28:15,mediboard,415,1,16.1,/home/runner/work/er-data-collector/er-data-collector/data/mediboard/2026-03/mediboard_2026-03-30.csv
2026-03-30 02:01:46,data_go_kr,417,0,23.8,/home/runner/work/er-data-collector/er-data-collector/data/data_go_kr/2026-03/data_go_kr_2026-03-30.csv
2026-03-30 02:01:46,mediboard,415,1,17.7,/home/runner/work/er-data-collector/er-data-collector/data/mediboard/2026-03/mediboard_2026-03-30.csv
2026-03-30 02:55:37,data_go_kr,417,0,37.0,/home/runner/work/er-data-collector/er-data-collector/data/data_go_kr/2026-03/data_go_kr_2026-03-30.csv
2026-03-30 02:55:37,mediboard,415,1,17.5,/home/runner/work/er-data-collector/er-data-collector/data/mediboard/2026-03/mediboard_2026-03-30.csv
2026-03-30 03:36:03,data_go_kr,417,0,21.9,/home/runner/work/er-data-collector/er-data-collector/data/data_go_kr/2026-03/data_go_kr_2026-03-30.csv
2026-03-30 03:36:03,mediboard,415,1,19.6,/home/runner/work/er-data-collector/er-data-collector/data/mediboard/2026-03/mediboard_2026-03-30.csv
2026-03-30 04:28:38,data_go_kr,417,0,20.4,/home/runner/work/er-data-collector/er-data-collector/data/data_go_kr/2026-03/data_go_kr_2026-03-30.csv
2026-03-30 04:28:38,mediboard,415,1,18.0,/home/runner/work/er-data-collector/er-data-collector/data/mediboard/2026-03/mediboard_2026-03-30.csv
2026-03-30 04:55:47,data_go_kr,417,0,22.3,/home/runner/work/er-data-collector/er-data-collector/data/data_go_kr/2026-03/data_go_kr_2026-03-30.csv
2026-03-30 04:55:47,mediboard,415,1,16.7,/home/runner/work/er-data-collector/er-data-collector/data/mediboard/2026-03/mediboard_2026-03-30.csv
2026-03-30 05:27:20,data_go_kr,417,0,21.5,/home/runner/work/er-data-collector/er-data-collector/data/data_go_kr/2026-03/data_go_kr_2026-03-30.csv
2026-03-30 05:27:20,mediboard,415,1,18.1,/home/runner/work/er-data-collector/er-data-collector/data/mediboard/2026-03/mediboard_2026-03-30.csv
2026-03-30 05:57:37,data_go_kr,417,0,25.6,/home/runner/work/er-data-collector/er-data-collector/data/data_go_kr/2026-03/data_go_kr_2026-03-30.csv
2026-03-30 05:57:37,mediboard,415,1,18.3,/home/runner/work/er-data-collector/er-data-collector/data/mediboard/2026-03/mediboard_2026-03-30.csv
2026-03-30 06:33:47,data_go_kr,417,0,22.3,/home/runner/work/er-data-collector/er-data-collector/data/data_go_kr/2026-03/data_go_kr_2026-03-30.csv
2026-03-30 06:33:47,mediboard,415,1,19.7,/home/runner/work/er-data-collector/er-data-collector/data/mediboard/2026-03/mediboard_2026-03-30.csv
2026-03-30 07:24:58,data_go_kr,417,0,24.1,/home/runner/work/er-data-collector/er-data-collector/data/data_go_kr/2026-03/data_go_kr_2026-03-30.csv
2026-03-30 07:24:58,mediboard,415,1,18.6,/home/runner/work/er-data-collector/er-data-collector/data/mediboard/2026-03/mediboard_2026-03-30.csv
2026-03-30 07:58:01,data_go_kr,417,0,31.9,/home/runner/work/er-data-collector/er-data-collector/data/data_go_kr/2026-03/data_go_kr_2026-03-30.csv
2026-03-30 07:58:01,mediboard,415,1,18.9,/home/runner/work/er-data-collector/er-data-collector/data/mediboard/2026-03/mediboard_2026-03-30.csv
2026-03-30 08:35:49,data_go_kr,417,0,24.8,/home/runner/work/er-data-collector/er-data-collector/data/data_go_kr/2026-03/data_go_kr_2026-03-30.csv
2026-03-30 08:35:49,mediboard,415,1,16.6,/home/runner/work/er-data-collector/er-data-collector/data/mediboard/2026-03/mediboard_2026-03-30.csv
2026-03-30 10:58:01,data_go_kr,417,0,17.8,/home/runner/work/er-data-collector/er-data-collector/data/data_go_kr/2026-03/data_go_kr_2026-03-30.csv
2026-03-30 10:58:01,mediboard,415,1,16.7,/home/runner/work/er-data-collector/er-data-collector/data/mediboard/2026-03/mediboard_2026-03-30.csv
2026-03-30 13:47:25,data_go_kr,417,0,33.6,/home/runner/work/er-data-collector/er-data-collector/data/data_go_kr/2026-03/data_go_kr_2026-03-30.csv
2026-03-30 13:47:25,mediboard,414,1,18.8,/home/runner/work/er-data-collector/er-data-collector/data/mediboard/2026-03/mediboard_2026-03-30.csv
2026-03-30 15:27:39,data_go_kr,416,0,19.4,/home/runner/work/er-data-collector/er-data-collector/data/data_go_kr/2026-03/data_go_kr_2026-03-30.csv
2026-03-30 15:27:39,mediboard,414,1,15.1,/home/runner/work/er-data-collector/er-data-collector/data/mediboard/2026-03/mediboard_2026-03-30.csv
2026-03-30 17:08:44,data_go_kr,417,0,23.6,/home/runner/work/er-data-collector/er-data-collector/data/data_go_kr/2026-03/data_go_kr_2026-03-30.csv
2026-03-30 17:08:44,mediboard,415,1,16.4,/home/runner/work/er-data-collector/er-data-collector/data/mediboard/2026-03/mediboard_2026-03-30.csv
